System.Single,UnityEngine.Vector3,UnityEngine.Quaternion,UnityEngine.Vector3,UnityEngine.Quaternion,UnityEngine.Vector3,UnityEngine.Quaternion,UnityEngine.Vector3,UnityEngine.Quaternion,UnityEngine.Vector3,UnityEngine.Quaternion,UnityEngine.Vector3,UnityEngine.Quaternion,UnityEngine.Vector3,UnityEngine.Quaternion,UnityEngine.Vector3,UnityEngine.Quaternion,UnityEngine.Vector3,UnityEngine.Quaternion,UnityEngine.Vector3,UnityEngine.Quaternion,UnityEngine.Vector3,UnityEngine.Quaternion,UnityEngine.Vector3,UnityEngine.Quaternion,UnityEngine.Vector3,UnityEngine.Quaternion,UnityEngine.Vector3,UnityEngine.Quaternion,UnityEngine.Vector3,UnityEngine.Quaternion,UnityEngine.Vector3,UnityEngine.Quaternion,UnityEngine.Vector3,UnityEngine.Quaternion,UnityEngine.Vector3,UnityEngine.Quaternion,UnityEngine.Vector3,UnityEngine.Quaternion,UnityEngine.Vector3,UnityEngine.Quaternion,UnityEngine.Vector3,UnityEngine.Quaternion
0,020000,(0.062764| -0.021048| 0.351598),(0.355160| -0.908308| -0.159364| -0.153107),(0.029826| -0.028699| 0.353521),(0.185902| -0.266318| -0.531039| -0.782632),(0.009297| -0.024043| 0.357697),(0.125020| -0.305096| -0.613101| -0.717909),(-0.021764| -0.012750| 0.369580),(-0.046317| -0.440416| -0.520776| -0.729850),(-0.033169| -0.001407| 0.383368),(0.288136| 0.591133| 0.336055| 0.674246),(0.006277| 0.004103| 0.348651),(0.441573| -0.861880| -0.210585| -0.133532),(-0.033963| 0.030532| 0.364299),(0.401928| -0.866628| -0.282302| -0.087838),(-0.054864| 0.043531| 0.378527),(0.411136| -0.817360| -0.402472| -0.030111),(-0.065681| 0.048328| 0.389134),(0.412314| -0.785272| -0.461893| 0.000381),(0.015657| 0.014874| 0.353705),(0.361285| -0.876584| -0.251708| -0.194208),(-0.021481| 0.045766| 0.371027),(0.348776| -0.873269| -0.293058| -0.172839),(-0.044781| 0.062989| 0.385841),(0.366000| -0.834058| -0.391227| -0.131651),(-0.057742| 0.070124| 0.396556),(0.374070| -0.804967| -0.448217| -0.105836),(0.027128| 0.021448| 0.360747),(0.283007| -0.896520| -0.266950| -0.211890),(-0.002198| 0.052864| 0.378949),(0.291729| -0.882716| -0.311103| -0.197286),(-0.022125| 0.071238| 0.393643),(0.305777| -0.856124| -0.378511| -0.174017),(-0.033908| 0.080064| 0.403863),(0.316208| -0.829783| -0.433431| -0.153659),(0.038993| 0.023953| 0.370176),(0.196371| -0.902019| -0.265839| -0.277725),(0.017859| 0.054830| 0.386070),(0.216270| -0.887107| -0.305181| -0.270433),(0.004548| 0.070636| 0.396981),(0.239208| -0.855966| -0.384521| -0.249489),(-0.004006| 0.078392| 0.404876),(0.252435| -0.833456| -0.431313| -0.235793)
0,040000,(0.000126| 0.000017| -0.000028),(-0.001446| 0.002495| 0.001341| 0.999995),(-0.032905| -0.007708| 0.002044),(0.690918| -0.509254| 0.028894| 0.512307),(-0.053451| -0.003113| 0.006200),(0.745035| -0.406514| -0.015452| 0.528612),(-0.084521| 0.008129| 0.018069),(0.668855| -0.403029| -0.236593| 0.578122),(-0.095879| 0.019503| 0.031852),(-0.492090| 0.357389| 0.530080| -0.590877),(-0.056562| 0.025015| -0.002803),(0.034266| 0.015402| 0.105687| 0.993690),(-0.096801| 0.051419| 0.012909),(0.087038| 0.088299| 0.085120| 0.988627),(-0.117714| 0.064541| 0.027047),(0.178704| 0.171730| 0.135884| 0.959223),(-0.128575| 0.069522| 0.037529),(0.225065| 0.214096| 0.160977| 0.936801),(-0.047187| 0.035826| 0.002173),(0.102784| -0.010110| 0.023901| 0.994365),(-0.084340| 0.066615| 0.019638),(0.136241| 0.026374| 0.024366| 0.990025),(-0.107642| 0.083782| 0.034540),(0.212377| 0.088612| 0.073633| 0.970372),(-0.120588| 0.090949| 0.045257),(0.257895| 0.126362| 0.103459| 0.952271),(-0.035699| 0.042449| 0.009142),(0.131316| -0.005378| -0.054920| 0.989804),(-0.065023| 0.073810| 0.027436),(0.168061| 0.020917| -0.032777| 0.985010),(-0.084927| 0.092178| 0.042187),(0.221042| 0.058406| 0.001667| 0.973513),(-0.096680| 0.101063| 0.052397),(0.265803| 0.090489| 0.031445| 0.959256),(-0.023795| 0.045010| 0.018508),(0.165748| -0.051090| -0.146266| 0.973922),(-0.044948| 0.075866| 0.034416),(0.198500| -0.035860| -0.115310| 0.972633),(-0.058259| 0.091692| 0.045316),(0.262421| 0.001912| -0.069983| 0.962411),(-0.066792| 0.099497| 0.053186),(0.302462| 0.026072| -0.040333| 0.951951)
0,060000,(0.000025| 0.000060| -0.000084),(-0.000845| 0.002161| 0.000990| 0.999997),(-0.032872| -0.007746| 0.002161),(0.692040| -0.507835| 0.026779| 0.512315),(-0.053425| -0.003181| 0.006315),(0.745499| -0.406054| -0.016334| 0.528284),(-0.084488| 0.008045| 0.018191),(0.668324| -0.403157| -0.238351| 0.577924),(-0.095803| 0.019444| 0.031976),(-0.489892| 0.358058| 0.532241| -0.590356),(-0.056617| 0.024917| -0.002640),(0.034676| 0.015646| 0.105518| 0.993690),(-0.096829| 0.051277| 0.013210),(0.087331| 0.088888| 0.084236| 0.988624),(-0.117723| 0.064480| 0.027345),(0.175071| 0.168905| 0.132211| 0.960907),(-0.128611| 0.069625| 0.037726),(0.219515| 0.209605| 0.155964| 0.939976),(-0.047241| 0.035755| 0.002276),(0.102891| -0.009870| 0.023480| 0.994367),(-0.084395| 0.066410| 0.019955),(0.138572| 0.028601| 0.025357| 0.989615),(-0.107686| 0.083479| 0.035022),(0.211902| 0.088735| 0.072335| 0.970562),(-0.120608| 0.090674| 0.045752),(0.256457| 0.125784| 0.101231| 0.952975),(-0.035736| 0.042412| 0.009185),(0.131074| -0.005216| -0.055471| 0.989806),(-0.065054| 0.073685| 0.027628),(0.169766| 0.022609| -0.032505| 0.984689),(-0.084935| 0.092014| 0.042482),(0.219531| 0.057913| -0.000476| 0.973885),(-0.096656| 0.100968| 0.052673),(0.263247| 0.089305| 0.028289| 0.960169),(-0.023797| 0.045014| 0.018494),(0.165202| -0.051016| -0.146887| 0.973925),(-0.044975| 0.075816| 0.034466),(0.199220| -0.035232| -0.114692| 0.972582),(-0.058300| 0.091633| 0.045385),(0.259690| 0.000682| -0.072212| 0.962988),(-0.066810| 0.099498| 0.053221),(0.299991| 0.025095| -0.042667| 0.952657)
0,080000,(0.000014| 0.000082| -0.000106),(-0.000602| 0.001614| 0.000738| 0.999998),(-0.032848| -0.007773| 0.002241),(0.692869| -0.506831| 0.025167| 0.512271),(-0.053406| -0.003221| 0.006392),(0.745768| -0.405904| -0.017069| 0.527997),(-0.084462| 0.008002| 0.018267),(0.667900| -0.403423| -0.239686| 0.577677),(-0.095748| 0.019424| 0.032051),(-0.488343| 0.358723| 0.533786| -0.589841),(-0.056655| 0.024848| -0.002523),(0.035011| 0.015765| 0.105360| 0.993693),(-0.096852| 0.051161| 0.013441),(0.087849| 0.089466| 0.083930| 0.988551),(-0.117743| 0.064410| 0.027579),(0.172183| 0.166499| 0.129685| 0.962192),(-0.128659| 0.069676| 0.037874),(0.215054| 0.205828| 0.152416| 0.942421),(-0.047280| 0.035705| 0.002351),(0.103002| -0.009749| 0.023136| 0.994364),(-0.084441| 0.066240| 0.020205),(0.140721| 0.030465| 0.026483| 0.989226),(-0.107732| 0.083214| 0.035409),(0.211542| 0.088700| 0.071541| 0.970703),(-0.120645| 0.090432| 0.046142),(0.254992| 0.124913| 0.099516| 0.953663),(-0.035763| 0.042386| 0.009217),(0.130928| -0.005148| -0.055909| 0.989801),(-0.065081| 0.073578| 0.027785),(0.171413| 0.024018| -0.032003| 0.984386),(-0.084954| 0.091863| 0.042724),(0.218344| 0.057383| -0.002014| 0.974181),(-0.096655| 0.100873| 0.052895),(0.261052| 0.088099| 0.025866| 0.960948),(-0.023798| 0.045016| 0.018485),(0.164832| -0.051005| -0.147379| 0.973914),(-0.045003| 0.075766| 0.034516),(0.200183| -0.034626| -0.113898| 0.972500),(-0.058345| 0.091566| 0.045456),(0.257531| -0.000422| -0.073892| 0.963441),(-0.066841| 0.099478| 0.053263),(0.298126| 0.024244| -0.044351| 0.953188)
0,100000,(-0.000016| 0.000143| -0.000176),(-0.000333| 0.001107| 0.000501| 0.999999),(-0.032821| -0.007787| 0.002330),(0.693426| -0.506125| 0.023988| 0.512272),(-0.053379| -0.003221| 0.006460),(0.745613| -0.406442| -0.017537| 0.527787),(-0.084426| 0.008041| 0.018308),(0.667311| -0.404229| -0.240712| 0.577367),(-0.095683| 0.019495| 0.032081),(-0.487020| 0.359660| 0.535151| -0.589126),(-0.056672| 0.024803| -0.002405),(0.035214| 0.015857| 0.105275| 0.993693),(-0.096839| 0.051117| 0.013629),(0.087770| 0.089741| 0.082728| 0.988635),(-0.117698| 0.064440| 0.027763),(0.170295| 0.165065| 0.127208| 0.963105),(-0.128617| 0.069803| 0.038007),(0.212193| 0.203482| 0.149272| 0.944080),(-0.047296| 0.035675| 0.002441),(0.103050| -0.009645| 0.022920| 0.994365),(-0.084449| 0.066133| 0.020427),(0.142201| 0.031936| 0.026927| 0.988956),(-0.107721| 0.083048| 0.035739),(0.211444| 0.088929| 0.070748| 0.970762),(-0.120614| 0.090280| 0.046486),(0.254318| 0.124686| 0.098197| 0.954009),(-0.035771| 0.042372| 0.009278),(0.130797| -0.005069| -0.056190| 0.989803),(-0.065088| 0.073494| 0.027950),(0.172864| 0.025305| -0.031523| 0.984116),(-0.084950| 0.091737| 0.042966),(0.217521| 0.057093| -0.003130| 0.974379),(-0.096633| 0.100783| 0.053125),(0.259562| 0.087350| 0.024163| 0.961464),(-0.023788| 0.045020| 0.018518),(0.164546| -0.050954| -0.147703| 0.973916),(-0.045017| 0.075728| 0.034589),(0.200789| -0.034283| -0.113090| 0.972481),(-0.058379| 0.091517| 0.045533),(0.255507| -0.001537| -0.075097| 0.963885),(-0.066865| 0.099475| 0.053303),(0.295923| 0.023084| -0.045847| 0.953832)
0,120000,(-0.000022| 0.000189| -0.000118),(0.000158| 0.000429| -0.000555| 1.000000),(-0.032816| -0.007750| 0.002358),(0.692917| -0.506784| 0.023401| 0.512335),(-0.053372| -0.003136| 0.006442),(0.744624| -0.408438| -0.017259| 0.527651),(-0.084414| 0.008205| 0.018221),(0.666366| -0.406165| -0.240714| 0.577098),(-0.095661| 0.019697| 0.031967),(-0.486091| 0.361238| 0.535527| -0.588586),(-0.056650| 0.024853| -0.002356),(0.035203| 0.015781| 0.105430| 0.993678),(-0.096765| 0.051219| 0.013713),(0.087680| 0.089762| 0.082021| 0.988700),(-0.117581| 0.064614| 0.027846),(0.169441| 0.164058| 0.125964| 0.963591),(-0.128491| 0.070042| 0.038064),(0.211000| 0.202004| 0.147778| 0.944899),(-0.047261| 0.035717| 0.002484),(0.102946| -0.009767| 0.023013| 0.994373),(-0.084374| 0.066168| 0.020548),(0.143092| 0.032648| 0.027463| 0.988789),(-0.107614| 0.083056| 0.035937),(0.211867| 0.089098| 0.070877| 0.970644),(-0.120487| 0.090291| 0.046704),(0.254262| 0.124355| 0.097942| 0.954093),(-0.035725| 0.042405| 0.009312),(0.130632| -0.005201| -0.056120| 0.989828),(-0.065010| 0.073494| 0.028069),(0.174252| 0.026237| -0.030641| 0.983874),(-0.084850| 0.091690| 0.043172),(0.217869| 0.057200| -0.002969| 0.974296),(-0.096515| 0.100734| 0.053351),(0.259672| 0.087197| 0.024107| 0.961450),(-0.023732| 0.045044| 0.018543),(0.164264| -0.051099| -0.147673| 0.973960),(-0.044944| 0.075737| 0.034654),(0.201432| -0.034075| -0.112197| 0.972459),(-0.058302| 0.091521| 0.045614),(0.254325| -0.002478| -0.075569| 0.964159),(-0.066771| 0.099516| 0.053362),(0.294451| 0.021901| -0.046611| 0.954278)
0,140000,(-0.000152| 0.000131| -0.000181),(0.001432| -0.000333| -0.001309| 0.999998),(-0.032839| -0.007688| 0.002301),(0.691508| -0.508288| 0.022654| 0.512784),(-0.053381| -0.003009| 0.006379),(0.743059| -0.410652| -0.017919| 0.528117),(-0.084401| 0.008415| 0.018148),(0.665134| -0.407667| -0.240978| 0.577351),(-0.095643| 0.019916| 0.031895),(-0.485618| 0.361703| 0.535469| -0.588744),(-0.056610| 0.024966| -0.002355),(0.034721| 0.015696| 0.105821| 0.993655),(-0.096674| 0.051402| 0.013735),(0.086843| 0.089144| 0.082071| 0.988826),(-0.117468| 0.064852| 0.027850),(0.168590| 0.162916| 0.126176| 0.963906),(-0.128379| 0.070312| 0.038051),(0.210063| 0.200519| 0.148031| 0.945385),(-0.047200| 0.035803| 0.002508),(0.102441| -0.009809| 0.023372| 0.994416),(-0.084256| 0.066283| 0.020637),(0.142949| 0.032763| 0.028022| 0.988791),(-0.107463| 0.083176| 0.036075),(0.211791| 0.088895| 0.071557| 0.970630),(-0.120322| 0.090416| 0.046857),(0.253757| 0.123561| 0.098391| 0.954285),(-0.035653| 0.042455| 0.009350),(0.130172| -0.005118| -0.055739| 0.989910),(-0.064882| 0.073533| 0.028205),(0.174896| 0.026968| -0.029709| 0.983769),(-0.084689| 0.091691| 0.043399),(0.218239| 0.057519| -0.002162| 0.974196),(-0.096334| 0.100715| 0.053620),(0.260141| 0.087370| 0.025022| 0.961284),(-0.023656| 0.045053| 0.018588),(0.163746| -0.050878| -0.147393| 0.974102),(-0.044818| 0.075734| 0.034783),(0.201916| -0.033385| -0.111424| 0.972471),(-0.058149| 0.091509| 0.045796),(0.253470| -0.002837| -0.075687| 0.964374),(-0.066595| 0.099527| 0.053547),(0.293243| 0.021115| -0.046971| 0.954650)
0,160000,(-0.000107| 0.000135| 0.000116),(0.001543| -0.002801| -0.002027| 0.999993),(-0.032889| -0.007576| 0.002061),(0.689434| -0.510504| 0.024612| 0.513285),(-0.053406| -0.002802| 0.006158),(0.741373| -0.412598| -0.017639| 0.528979),(-0.084387| 0.008732| 0.017953),(0.664500| -0.408509| -0.239908| 0.577930),(-0.095629| 0.020233| 0.031717),(-0.487071| 0.361220| 0.533760| -0.589392),(-0.056530| 0.025174| -0.002593),(0.034148| 0.016077| 0.106362| 0.993611),(-0.096574| 0.051634| 0.013491),(0.088361| 0.090948| 0.084609| 0.988313),(-0.117381| 0.065003| 0.027674),(0.170022| 0.164160| 0.129344| 0.963024),(-0.128303| 0.070403| 0.037899),(0.211492| 0.201503| 0.151543| 0.944300),(-0.047105| 0.035965| 0.002337),(0.102166| -0.009437| 0.024161| 0.994429),(-0.084138| 0.066438| 0.020506),(0.144923| 0.034759| 0.030500| 0.988362),(-0.107352| 0.083222| 0.036058),(0.214019| 0.090713| 0.074714| 0.969735),(-0.120218| 0.090378| 0.046895),(0.255888| 0.125062| 0.101799| 0.953162),(-0.035562| 0.042558| 0.009244),(0.130293| -0.004620| -0.054804| 0.989949),(-0.064766| 0.073620| 0.028152),(0.176967| 0.028710| -0.027539| 0.983413),(-0.084576| 0.091702| 0.043443),(0.220127| 0.058884| 0.000204| 0.973692),(-0.096226| 0.100674| 0.053709),(0.262137| 0.088569| 0.027762| 0.960557),(-0.023592| 0.045091| 0.018534),(0.164136| -0.050247| -0.146438| 0.974213),(-0.044736| 0.075744| 0.034795),(0.204351| -0.031693| -0.109033| 0.972290),(-0.058085| 0.091455| 0.045886),(0.255309| -0.001762| -0.073303| 0.964075),(-0.066543| 0.099439| 0.053666),(0.294888| 0.021867| -0.044425| 0.954248)
0,180000,(-0.000048| 0.000091| 0.000125),(0.001666| -0.003584| -0.002133| 0.999990),(-0.032942| -0.007461| 0.001803),(0.687090| -0.513106| 0.027655| 0.513678),(-0.053439| -0.002598| 0.005896),(0.739754| -0.414482| -0.016366| 0.529812),(-0.084401| 0.009035| 0.017678),(0.664314| -0.409238| -0.237790| 0.578504),(-0.095669| 0.020525| 0.031446),(-0.489449| 0.360594| 0.531179| -0.590136),(-0.056424| 0.025404| -0.002896),(0.033335| 0.016145| 0.106833| 0.993587),(-0.096467| 0.051888| 0.013122),(0.090151| 0.092870| 0.087470| 0.987723),(-0.117291| 0.065135| 0.027390),(0.172925| 0.166622| 0.133657| 0.961494),(-0.128214| 0.070411| 0.037681),(0.215108| 0.204358| 0.156669| 0.942030),(-0.046989| 0.036142| 0.002125),(0.101792| -0.009387| 0.025004| 0.994447),(-0.084023| 0.066650| 0.020224),(0.146048| 0.035730| 0.032737| 0.988090),(-0.107270| 0.083341| 0.035820),(0.216696| 0.092589| 0.078653| 0.968650),(-0.120159| 0.090384| 0.046707),(0.258746| 0.126877| 0.106291| 0.951659),(-0.035463| 0.042671| 0.009122),(0.130462| -0.004439| -0.053759| 0.989985),(-0.064675| 0.073760| 0.027969),(0.177781| 0.028993| -0.025389| 0.983315),(-0.084534| 0.091783| 0.043268),(0.222514| 0.060063| 0.003833| 0.973070),(-0.096224| 0.100659| 0.053574),(0.265474| 0.090233| 0.032480| 0.959336),(-0.023539| 0.045131| 0.018490),(0.164729| -0.049923| -0.145314| 0.974298),(-0.044702| 0.075777| 0.034733),(0.205813| -0.031405| -0.105956| 0.972331),(-0.058126| 0.091414| 0.045840),(0.258205| -0.000796| -0.068597| 0.963651),(-0.066644| 0.099314| 0.053641),(0.297659| 0.022655| -0.039334| 0.953592)
0,200000,(0.000074| 0.000098| -0.000265),(0.003828| -0.002718| -0.002799| 0.999985),(-0.032981| -0.007342| 0.001663),(0.683782| -0.516727| 0.028138| 0.514436),(-0.053450| -0.002381| 0.005784),(0.737181| -0.417340| -0.017447| 0.531119),(-0.084399| 0.009332| 0.017588),(0.663425| -0.410250| -0.236526| 0.579326),(-0.095742| 0.020770| 0.031368),(-0.491783| 0.359520| 0.528297| -0.591436),(-0.056282| 0.025672| -0.002973),(0.031821| 0.015393| 0.107598| 0.993566),(-0.096292| 0.052177| 0.013067),(0.090949| 0.093564| 0.090744| 0.987289),(-0.117117| 0.065283| 0.027451),(0.175324| 0.167923| 0.138718| 0.960115),(-0.128028| 0.070412| 0.037828),(0.218484| 0.206102| 0.162715| 0.939846),(-0.046825| 0.036337| 0.002158),(0.100581| -0.009948| 0.025966| 0.994540),(-0.083826| 0.066882| 0.020261),(0.145661| 0.035287| 0.034988| 0.988086),(-0.107090| 0.083482| 0.035912),(0.218290| 0.093071| 0.082943| 0.967888),(-0.119996| 0.090406| 0.046858),(0.260410| 0.127027| 0.111068| 0.950639),(-0.035306| 0.042774| 0.009251),(0.129700| -0.004627| -0.052612| 0.990146),(-0.064490| 0.073901| 0.028089),(0.176422| 0.027687| -0.023512| 0.983644),(-0.084378| 0.091875| 0.043394),(0.223894| 0.060263| 0.007991| 0.972716),(-0.096104| 0.100638| 0.053756),(0.267494| 0.090529| 0.037540| 0.958562),(-0.023419| 0.045128| 0.018694),(0.164239| -0.049682| -0.144292| 0.974545),(-0.044559| 0.075769| 0.034976),(0.204956| -0.032292| -0.103376| 0.972761),(-0.058041| 0.091323| 0.046114),(0.260794| -0.000048| -0.062914| 0.963342),(-0.066621| 0.099112| 0.053964),(0.299024| 0.022426| -0.034088| 0.953373)
0,220000,(0.000162| 0.000085| 0.000067),(0.001615| -0.002658| -0.002319| 0.999992),(-0.032975| -0.007203| 0.001450),(0.681523| -0.518466| 0.030119| 0.515570),(-0.053427| -0.002202| 0.005612),(0.735679| -0.418185| -0.016703| 0.532558),(-0.084375| 0.009530| 0.017451),(0.663178| -0.410248| -0.233913| 0.580669),(-0.095779| 0.020934| 0.031231),(-0.493877| 0.358782| 0.524555| -0.593468),(-0.056187| 0.025881| -0.003183),(0.030775| 0.016362| 0.108926| 0.993439),(-0.096183| 0.052407| 0.012841),(0.091151| 0.095121| 0.093472| 0.986867),(-0.117009| 0.065440| 0.027280),(0.176810| 0.170138| 0.142642| 0.958877),(-0.127909| 0.070482| 0.037711),(0.220670| 0.208673| 0.167260| 0.937968),(-0.046719| 0.036515| 0.001993),(0.099769| -0.009008| 0.027502| 0.994590),(-0.083707| 0.067103| 0.020049),(0.144900| 0.035849| 0.037107| 0.988100),(-0.106985| 0.083666| 0.035703),(0.219412| 0.094764| 0.086737| 0.967137),(-0.119901| 0.090514| 0.046685),(0.261504| 0.128488| 0.115080| 0.949665),(-0.035203| 0.042912| 0.009126),(0.129219| -0.003594| -0.050951| 0.990300),(-0.064377| 0.074090| 0.027905),(0.175042| 0.027618| -0.021557| 0.983937),(-0.084292| 0.092050| 0.043179),(0.224936| 0.061648| 0.011854| 0.972349),(-0.096045| 0.100739| 0.053573),(0.268948| 0.092025| 0.041954| 0.957830),(-0.023335| 0.045222| 0.018605),(0.163975| -0.048557| -0.142627| 0.974891),(-0.044466| 0.075881| 0.034867),(0.204113| -0.032023| -0.100906| 0.973206),(-0.057986| 0.091396| 0.046001),(0.262610| 0.001564| -0.058105| 0.963150),(-0.066607| 0.099115| 0.053877),(0.300038| 0.023450| -0.029606| 0.953179)
0,240000,(0.000295| 0.000019| 0.000647),(0.000529| -0.008064| -0.003716| 0.999960),(-0.033063| -0.007002| 0.000927),(0.678012| -0.521273| 0.038453| 0.516814),(-0.053493| -0.001924| 0.005101),(0.734346| -0.418557| -0.011155| 0.534249),(-0.084499| 0.009843| 0.016882),(0.665723| -0.409768| -0.224078| 0.581974),(-0.096119| 0.021178| 0.030590),(-0.503005| 0.358287| 0.512701| -0.596451),(-0.056037| 0.026242| -0.003851),(0.030102| 0.019226| 0.110246| 0.993262),(-0.096062| 0.052829| 0.011960),(0.093777| 0.099671| 0.098814| 0.985651),(-0.116942| 0.065653| 0.026471),(0.183034| 0.177466| 0.151452| 0.955022),(-0.127830| 0.070440| 0.037029),(0.229082| 0.217686| 0.178015| 0.931904),(-0.046562| 0.036808| 0.001442),(0.099972| -0.006457| 0.029673| 0.994527),(-0.083577| 0.067543| 0.019196),(0.145132| 0.037639| 0.040736| 0.987857),(-0.106939| 0.084031| 0.034754),(0.224303| 0.099963| 0.094839| 0.964729),(-0.119911| 0.090673| 0.045795),(0.267442| 0.134393| 0.124651| 0.945979),(-0.035079| 0.043126| 0.008700),(0.130461| -0.001121| -0.048389| 0.990271),(-0.064279| 0.074465| 0.027184),(0.174223| 0.027999| -0.018413| 0.984136),(-0.084295| 0.092399| 0.042318),(0.230624| 0.066297| 0.020384| 0.970568),(-0.096141| 0.100876| 0.052777),(0.276204| 0.097654| 0.052447| 0.954685),(-0.023289| 0.045349| 0.018297),(0.166090| -0.046209| -0.139702| 0.975070),(-0.044419| 0.076103| 0.034384),(0.204661| -0.031041| -0.097100| 0.973510),(-0.058021| 0.091573| 0.045449),(0.269425| 0.005978| -0.048392| 0.961786),(-0.066747| 0.099136| 0.053363),(0.305955| 0.027289| -0.019775| 0.951449)
0,260000,(0.000714| 0.000363| 0.000160),(0.001665| -0.006692| -0.003446| 0.999970),(-0.033138| -0.006867| 0.000629),(0.673928| -0.524867| 0.045313| 0.517960),(-0.053550| -0.001753| 0.004853),(0.733103| -0.418317| -0.007550| 0.536203),(-0.084611| 0.009985| 0.016642),(0.667630| -0.408549| -0.216166| 0.583636),(-0.096435| 0.021225| 0.030307),(-0.510594| 0.356859| 0.502195| -0.599788),(-0.055862| 0.026547| -0.004312),(0.028367| 0.020250| 0.111221| 0.993184),(-0.095940| 0.053090| 0.011355),(0.097624| 0.104324| 0.106586| 0.983985),(-0.116868| 0.065458| 0.026125),(0.193243| 0.187425| 0.164460| 0.948937),(-0.127678| 0.069751| 0.036968),(0.243120| 0.230819| 0.193969| 0.921950),(-0.046384| 0.037044| 0.001106),(0.099024| -0.005652| 0.031411| 0.994573),(-0.083444| 0.067919| 0.018532),(0.144331| 0.037697| 0.044346| 0.987816),(-0.106911| 0.084253| 0.034025),(0.230197| 0.105010| 0.104522| 0.961799),(-0.119938| 0.090570| 0.045192),(0.275355| 0.140933| 0.136540| 0.941103),(-0.034942| 0.043281| 0.008495),(0.130473| -0.000301| -0.046272| 0.990371),(-0.064169| 0.074814| 0.026634),(0.171467| 0.026239| -0.016195| 0.984707),(-0.084296| 0.092690| 0.041628),(0.237279| 0.070714| 0.030255| 0.968392),(-0.096250| 0.100854| 0.052213),(0.284881| 0.103369| 0.064672| 0.950776),(-0.023239| 0.045416| 0.018218),(0.166907| -0.045387| -0.137292| 0.975312),(-0.044332| 0.076316| 0.034095),(0.202868| -0.031836| -0.095588| 0.974009),(-0.057981| 0.091763| 0.045086),(0.276539| 0.009919| -0.038749| 0.960170),(-0.066810| 0.099143| 0.053066),(0.311448| 0.030172| -0.010662| 0.949724)
0,280000,(0.000929| -0.000554| -0.001354),(0.009723| -0.005526| -0.004165| 0.999929),(-0.033261| -0.006819| 0.000582),(0.667016| -0.532448| 0.045362| 0.519164),(-0.053672| -0.001685| 0.004794),(0.729738| -0.421146| -0.008272| 0.538563),(-0.084934| 0.009892| 0.016446),(0.669289| -0.408329| -0.208150| 0.584803),(-0.097253| 0.020854| 0.029997),(-0.521580| 0.354093| 0.488283| -0.603450),(-0.055584| 0.026918| -0.004262),(0.023755| 0.016254| 0.111509| 0.993347),(-0.095806| 0.053398| 0.011155),(0.095188| 0.099115| 0.116334| 0.983658),(-0.116981| 0.065217| 0.025951),(0.198595| 0.188308| 0.182212| 0.944404),(-0.127840| 0.068898| 0.036972),(0.252581| 0.234875| 0.215823| 0.913486),(-0.046101| 0.037254| 0.001425),(0.095223| -0.008986| 0.032213| 0.994894),(-0.083242| 0.068349| 0.018372),(0.135002| 0.027622| 0.046732| 0.989357),(-0.106961| 0.084641| 0.033431),(0.229013| 0.100339| 0.115660| 0.961305),(-0.120178| 0.090625| 0.044559),(0.277492| 0.138466| 0.151611| 0.938530),(-0.034718| 0.043297| 0.009064),(0.127746| -0.002657| -0.044957| 0.990784),(-0.063958| 0.075032| 0.026891),(0.162195| 0.017815| -0.015583| 0.986475),(-0.084243| 0.092881| 0.041625),(0.239376| 0.068969| 0.041127| 0.967601),(-0.096373| 0.100674| 0.052294),(0.289914| 0.103058| 0.079233| 0.948183),(-0.023146| 0.045201| 0.018990),(0.165033| -0.046565| -0.136208| 0.975727),(-0.044129| 0.076217| 0.034829),(0.196054| -0.036299| -0.097343| 0.975074),(-0.057763| 0.091688| 0.045757),(0.278525| 0.008932| -0.031566| 0.959869),(-0.066676| 0.098956| 0.053764),(0.308825| 0.025968| -0.006360| 0.950743)
0,300000,(0.000623| -0.000056| -0.001498),(0.014816| -0.005088| -0.008807| 0.999839),(-0.033236| -0.006404| 0.000603),(0.656056| -0.543563| 0.040073| 0.522038),(-0.053648| -0.001211| 0.004750),(0.722327| -0.429533| -0.009476| 0.541900),(-0.085054| 0.010276| 0.016257),(0.665932| -0.411699| -0.203463| 0.587913),(-0.097727| 0.020962| 0.029772),(-0.526012| 0.350877| 0.479111| -0.608810),(-0.055068| 0.027733| -0.003768),(0.018203| 0.012958| 0.114623| 0.993158),(-0.095216| 0.054356| 0.011676),(0.089372| 0.092055| 0.124688| 0.983866),(-0.116530| 0.066018| 0.026404),(0.195653| 0.180511| 0.195359| 0.943912),(-0.127491| 0.069466| 0.037410),(0.251987| 0.227350| 0.231924| 0.911606),(-0.045523| 0.037835| 0.002215),(0.090107| -0.011382| 0.035453| 0.995236),(-0.082521| 0.069095| 0.019245),(0.127347| 0.021017| 0.051791| 0.990282),(-0.106310| 0.085351| 0.034228),(0.225491| 0.093743| 0.126487| 0.961440),(-0.119624| 0.091097| 0.045380),(0.277996| 0.133335| 0.166841| 0.936539),(-0.034148| 0.043580| 0.010096),(0.123550| -0.003626| -0.041211| 0.991476),(-0.063177| 0.075392| 0.028180),(0.155803| 0.014032| -0.012121| 0.987614),(-0.083414| 0.093204| 0.043030),(0.237681| 0.065468| 0.049993| 0.967844),(-0.095585| 0.100794| 0.053818),(0.290434| 0.099219| 0.091023| 0.947375),(-0.022661| 0.045133| 0.020178),(0.161203| -0.045806| -0.133188| 0.976820),(-0.043349| 0.076163| 0.036414),(0.190389| -0.036993| -0.097027| 0.976202),(-0.056802| 0.091694| 0.047510),(0.273945| 0.005582| -0.028718| 0.961300),(-0.065657| 0.098994| 0.055572),(0.302537| 0.020516| -0.004403| 0.952907)
0,320000,(0.000734| 0.000113| -0.001206),(0.018964| -0.008924| -0.013028| 0.999696),(-0.033551| -0.005631| -0.000501),(0.641665| -0.562471| 0.029766| 0.520583),(-0.053988| -0.000194| 0.003208),(0.712528| -0.449101| -0.006658| 0.539043),(-0.085609| 0.011428| 0.014091),(0.662847| -0.423526| -0.197098| 0.585160),(-0.098705| 0.021796| 0.027498),(-0.534107| 0.350650| 0.470861| -0.608329),(-0.054357| 0.029269| -0.003826),(0.018158| 0.007376| 0.114864| 0.993188),(-0.094173| 0.056407| 0.011741),(0.086315| 0.078726| 0.129173| 0.984716),(-0.115602| 0.068108| 0.026275),(0.196476| 0.164836| 0.207245| 0.944074),(-0.126725| 0.071324| 0.037198),(0.257791| 0.212740| 0.249705| 0.908809),(-0.044670| 0.038861| 0.002733),(0.090889| -0.015747| 0.036079| 0.995083),(-0.081241| 0.070431| 0.020202),(0.125622| 0.011506| 0.055578| 0.990453),(-0.105030| 0.086571| 0.035291),(0.230298| 0.083496| 0.140142| 0.959350),(-0.118459| 0.091856| 0.046553),(0.288954| 0.124691| 0.188009| 0.930382),(-0.033303| 0.043962| 0.011059),(0.125959| -0.005872| -0.039602| 0.991227),(-0.061810| 0.075892| 0.029824),(0.155300| 0.007991| -0.010945| 0.987775),(-0.081874| 0.093592| 0.045028),(0.244879| 0.059182| 0.060734| 0.965838),(-0.094089| 0.100752| 0.056081),(0.303054| 0.093151| 0.108542| 0.942178),(-0.021979| 0.044777| 0.021407),(0.164201| -0.045377| -0.132497| 0.976434),(-0.042038| 0.075790| 0.038502),(0.189950| -0.039168| -0.100140| 0.975888),(-0.055160| 0.091350| 0.049974),(0.276943| -0.000245| -0.025755| 0.960541),(-0.063952| 0.098535| 0.058234),(0.307990| 0.014057| 0.001864| 0.951284)
0,340000,(0.000684| 0.000249| -0.000405),(0.011586| -0.011046| -0.009883| 0.999823),(-0.033704| -0.004965| -0.001658),(0.630285| -0.574155| 0.029791| 0.521728),(-0.054187| 0.000596| 0.001573),(0.704972| -0.461206| 0.004357| 0.538782),(-0.086014| 0.012294| 0.011759),(0.660852| -0.430946| -0.185629| 0.585749),(-0.099414| 0.022500| 0.024975),(-0.540242| 0.350025| 0.461378| -0.610534),(-0.053831| 0.030354| -0.004548),(0.015949| 0.006397| 0.116175| 0.993080),(-0.093514| 0.057879| 0.010734),(0.081292| 0.071598| 0.134323| 0.984999),(-0.115095| 0.069541| 0.024964),(0.197101| 0.158778| 0.221098| 0.941837),(-0.126342| 0.072450| 0.035816),(0.263395| 0.208655| 0.269547| 0.902458),(-0.044096| 0.039612| 0.002408),(0.089816| -0.016298| 0.038332| 0.995087),(-0.080457| 0.071432| 0.019852),(0.123089| 0.007901| 0.060200| 0.990537),(-0.104298| 0.087430| 0.034876),(0.234291| 0.080918| 0.154515| 0.956392),(-0.117833| 0.092271| 0.046179),(0.297590| 0.123453| 0.208751| 0.923376),(-0.032792| 0.044309| 0.011049),(0.126593| -0.005370| -0.036390| 0.991273),(-0.060992| 0.076437| 0.029946),(0.152687| 0.005987| -0.009829| 0.988208),(-0.080942| 0.094166| 0.045173),(0.248432| 0.057285| 0.070251| 0.964399),(-0.093219| 0.101043| 0.056307),(0.311355| 0.091800| 0.124383| 0.937635),(-0.021648| 0.044675| 0.021615),(0.165964| -0.043489| -0.129418| 0.976635),(-0.041309| 0.075778| 0.039016),(0.187791| -0.038675| -0.102157| 0.976116),(-0.054182| 0.091424| 0.050596),(0.279246| -0.001386| -0.020839| 0.959993),(-0.062961| 0.098501| 0.058947),(0.313831| 0.013179| 0.011226| 0.949321)
0,360000,(0.000583| 0.000288| -0.000334),(0.006572| -0.010481| -0.008142| 0.999890),(-0.033616| -0.004436| -0.002397),(0.621290| -0.579194| 0.035663| 0.526555),(-0.054126| 0.001155| 0.000593),(0.698636| -0.465855| 0.015668| 0.542809),(-0.086054| 0.012862| 0.010429),(0.657988| -0.432970| -0.174554| 0.590865),(-0.099588| 0.023007| 0.023541),(-0.542514| 0.347574| 0.452114| -0.616818),(-0.053441| 0.031046| -0.005225),(0.011418| 0.010506| 0.120579| 0.992583),(-0.093122| 0.058745| 0.009766),(0.075492| 0.072181| 0.142094| 0.984327),(-0.114841| 0.070361| 0.023762),(0.193622| 0.159240| 0.233853| 0.939397),(-0.126186| 0.073114| 0.034534),(0.261968| 0.209473| 0.285493| 0.897768),(-0.043703| 0.040170| 0.001897),(0.086196| -0.012281| 0.043657| 0.995246),(-0.080032| 0.072095| 0.019199),(0.119474| 0.010643| 0.068065| 0.990444),(-0.103960| 0.087938| 0.034153),(0.234431| 0.084242| 0.168631| 0.953682),(-0.117565| 0.092474| 0.045476),(0.300296| 0.127373| 0.226748| 0.917706),(-0.032449| 0.044710| 0.010684),(0.124265| -0.001061| -0.030389| 0.991783),(-0.060559| 0.076960| 0.029499),(0.148914| 0.009052| -0.004198| 0.988800),(-0.080514| 0.094661| 0.044679),(0.248915| 0.060750| 0.081973| 0.963136),(-0.092858| 0.101315| 0.055851),(0.314881| 0.095647| 0.140441| 0.933798),(-0.021408| 0.044906| 0.021362),(0.164650| -0.038784| -0.123252| 0.977853),(-0.040939| 0.076073| 0.038793),(0.185243| -0.034341| -0.097602| 0.977231),(-0.053755| 0.091714| 0.050395),(0.280138| 0.002386| -0.010743| 0.959897),(-0.062580| 0.098663| 0.058791),(0.316758| 0.017034| 0.024244| 0.948043)
0,380000,(0.000525| 0.001337| -0.002370),(0.004209| -0.002694| 0.000787| 0.999987),(-0.034016| -0.004584| -0.002590),(0.620031| -0.587210| 0.032357| 0.519325),(-0.054596| 0.000930| 0.000007),(0.701484| -0.470016| 0.019785| 0.535364),(-0.086829| 0.012380| 0.009201),(0.665018| -0.435623| -0.166944| 0.583193),(-0.100856| 0.022217| 0.022048),(-0.556081| 0.348008| 0.442821| -0.611207),(-0.053346| 0.031159| -0.005202),(0.014634| 0.001186| 0.113647| 0.993413),(-0.093157| 0.058916| 0.009328),(0.077375| 0.058565| 0.143762| 0.984843),(-0.115202| 0.070005| 0.023059),(0.203968| 0.152891| 0.246884| 0.934917),(-0.126652| 0.072027| 0.033844),(0.278135| 0.208253| 0.305635| 0.886487),(-0.043648| 0.040019| 0.002287),(0.090302| -0.021034| 0.037403| 0.994990),(-0.080019| 0.072003| 0.019357),(0.123392| 0.000229| 0.065912| 0.990167),(-0.104173| 0.087344| 0.034232),(0.248344| 0.080075| 0.179631| 0.948497),(-0.117909| 0.090995| 0.045661),(0.322353| 0.128854| 0.247829| 0.904470),(-0.032524| 0.044251| 0.011383),(0.129387| -0.009031| -0.035956| 0.990901),(-0.060581| 0.076589| 0.030120),(0.151854| -0.000414| -0.010651| 0.988345),(-0.080652| 0.093946| 0.045327),(0.265102| 0.057121| 0.090619| 0.958252),(-0.093192| 0.099788| 0.056685),(0.338663| 0.095701| 0.158727| 0.922472),(-0.021713| 0.044108| 0.022292),(0.170713| -0.045651| -0.128666| 0.975817),(-0.040944| 0.075414| 0.039818),(0.186081| -0.041139| -0.112679| 0.975185),(-0.053518| 0.091112| 0.051479),(0.292216| -0.002230| -0.012894| 0.956263),(-0.062429| 0.097732| 0.060023),(0.336003| 0.014527| 0.030444| 0.941257)
0,400000,(0.000185| 0.001050| -0.001294),(0.019642| -0.008975| -0.006521| 0.999746),(-0.033963| -0.004233| -0.002619),(0.609194| -0.594317| 0.023729| 0.524507),(-0.054544| 0.001362| -0.000218),(0.692613| -0.477163| 0.018090| 0.540625),(-0.086986| 0.012739| 0.008539),(0.661313| -0.438620| -0.159899| 0.587120),(-0.101558| 0.022285| 0.021092),(-0.563428| 0.345820| 0.427278| -0.616758),(-0.052910| 0.031738| -0.004583),(0.006128| -0.000819| 0.115203| 0.993323),(-0.092788| 0.059314| 0.010083),(0.069995| 0.053439| 0.154895| 0.983998),(-0.115102| 0.069924| 0.023764),(0.196102| 0.144055| 0.263428| 0.933487),(-0.126720| 0.071547| 0.034437),(0.271504| 0.198285| 0.326334| 0.883445),(-0.043230| 0.040297| 0.003266),(0.082756| -0.021447| 0.039488| 0.995556),(-0.079564| 0.072145| 0.020668),(0.116521| -0.001372| 0.070962| 0.990649),(-0.103824| 0.087154| 0.035671),(0.243178| 0.074977| 0.191343| 0.947961),(-0.117666| 0.090406| 0.047084),(0.319197| 0.122242| 0.264363| 0.901822),(-0.032194| 0.044175| 0.012624),(0.123191| -0.007542| -0.032814| 0.991812),(-0.060095| 0.076438| 0.031744),(0.143074| -0.000371| -0.010596| 0.989655),(-0.080091| 0.093709| 0.047099),(0.259528| 0.054060| 0.097700| 0.959259),(-0.092700| 0.099317| 0.058493),(0.334403| 0.090154| 0.169746| 0.922623),(-0.021548| 0.043630| 0.023680),(0.165701| -0.041649| -0.126022| 0.977204),(-0.040420| 0.074904| 0.041669),(0.175055| -0.037272| -0.120680| 0.976424),(-0.052607| 0.090772| 0.053494),(0.283260| -0.002854| -0.015941| 0.958907),(-0.061432| 0.097385| 0.062124),(0.331573| 0.013213| 0.033350| 0.942748)
0,420000,(-0.000069| 0.002406| -0.002405),(0.026884| -0.002978| -0.004034| 0.999626),(-0.034074| -0.003773| -0.003102),(0.603955| -0.603939| -0.005153| 0.520067),(-0.054598| 0.002173| -0.001150),(0.684051| -0.496308| 0.003253| 0.534549),(-0.087392| 0.013728| 0.006482),(0.660653| -0.456022| -0.153791| 0.576133),(-0.103111| 0.022894| 0.018107),(0.581176| -0.361650| -0.401524| 0.608459),(-0.052559| 0.032453| -0.003245),(0.007541| -0.011993| 0.112060| 0.993600),(-0.092439| 0.059572| 0.012255),(0.069058| 0.034786| 0.160162| 0.984058),(-0.115097| 0.069770| 0.025808),(0.185178| 0.113423| 0.266800| 0.938969),(-0.127102| 0.071308| 0.036060),(0.257090| 0.162448| 0.331025| 0.893274),(-0.042887| 0.040387| 0.005238),(0.084777| -0.029187| 0.036093| 0.995318),(-0.079085| 0.071795| 0.023708),(0.113392| -0.015546| 0.067774| 0.991114),(-0.103448| 0.086610| 0.038784),(0.235068| 0.050908| 0.189890| 0.951889),(-0.117540| 0.089840| 0.049896),(0.306686| 0.091429| 0.262595| 0.910291),(-0.031950| 0.043543| 0.014973),(0.126137| -0.011664| -0.034874| 0.991331),(-0.059524| 0.075384| 0.035259),(0.136517| -0.009762| -0.020650| 0.990374),(-0.079283| 0.092683| 0.050876),(0.251756| 0.036921| 0.091135| 0.962783),(-0.091943| 0.098358| 0.062184),(0.322097| 0.066377| 0.161723| 0.930426),(-0.021496| 0.042183| 0.026144),(0.169261| -0.040866| -0.129372| 0.976188),(-0.039805| 0.073004| 0.045450),(0.166085| -0.037985| -0.139936| 0.975393),(-0.051341| 0.089045| 0.057704),(0.272232| -0.011863| -0.034837| 0.961528),(-0.059907| 0.095832| 0.066454),(0.320871| 0.000655| 0.015969| 0.946988)
0,440000,(-0.000164| 0.002589| -0.004773),(0.025747| 0.001146| -0.005101| 0.999655),(-0.034221| -0.003072| -0.003961),(0.600055| -0.610474| -0.041206| 0.515324),(-0.054453| 0.003956| -0.002837),(0.663939| -0.533106| -0.015265| 0.524166),(-0.087256| 0.016990| 0.002728),(0.647794| -0.499005| -0.145092| 0.557050),(-0.104099| 0.026688| 0.012446),(0.588086| -0.414526| -0.368369| 0.588751),(-0.052318| 0.033289| -0.001881),(0.013476| -0.020207| 0.109743| 0.993663),(-0.091896| 0.059922| 0.015104),(0.072051| 0.019420| 0.160269| 0.984249),(-0.114604| 0.070312| 0.028640),(0.164618| 0.076868| 0.247830| 0.951616),(-0.126954| 0.072711| 0.038279),(0.225759| 0.115249| 0.304461| 0.918180),(-0.042563| 0.040517| 0.007114),(0.090497| -0.033894| 0.032839| 0.994778),(-0.078546| 0.071039| 0.027305),(0.117085| -0.026996| 0.070246| 0.990266),(-0.102989| 0.085359| 0.042788),(0.228363| 0.026585| 0.186356| 0.955204),(-0.117236| 0.088686| 0.053646),(0.291362| 0.058117| 0.252834| 0.920764),(-0.031601| 0.042896| 0.017035),(0.132016| -0.012788| -0.037033| 0.990473),(-0.058881| 0.073816| 0.039014),(0.136910| -0.017119| -0.021563| 0.990201),(-0.078592| 0.090546| 0.055231),(0.249977| 0.021439| 0.091658| 0.963665),(-0.091302| 0.095974| 0.066578),(0.314013| 0.044074| 0.157935| 0.935152),(-0.021188| 0.040677| 0.028111),(0.174681| -0.036972| -0.133072| 0.974890),(-0.039301| 0.070510| 0.049042),(0.164716| -0.040984| -0.138808| 0.975665),(-0.050901| 0.086028| 0.061835),(0.268956| -0.021294| -0.033103| 0.962348),(-0.059507| 0.092548| 0.070716),(0.313265| -0.012564| 0.014263| 0.949476)
0,460000,(-0.000450| 0.002158| -0.003493),(0.017018| -0.006860| -0.008446| 0.999796),(-0.034292| -0.002412| -0.004677),(0.591174| -0.617507| -0.054631| 0.515959),(-0.054034| 0.005973| -0.004726),(0.634583| -0.573024| -0.015990| 0.518356),(-0.086313| 0.021196| -0.001637),(0.623122| -0.546697| -0.129147| 0.544208),(-0.103536| 0.032185| 0.006027),(0.576677| -0.474900| -0.338903| 0.571890),(-0.051912| 0.034098| -0.001584),(0.012334| -0.022739| 0.110168| 0.993576),(-0.091290| 0.060451| 0.016106),(0.076694| 0.017723| 0.168168| 0.982611),(-0.114029| 0.071122| 0.029594),(0.139767| 0.054369| 0.229162| 0.961766),(-0.126601| 0.074669| 0.038576),(0.187309| 0.082321| 0.274392| 0.939600),(-0.042155| 0.040834| 0.007782),(0.090087| -0.035001| 0.033764| 0.994746),(-0.078183| 0.070630| 0.028784),(0.123743| -0.029402| 0.084529| 0.988270),(-0.102892| 0.084571| 0.044396),(0.214338| 0.010199| 0.183081| 0.959394),(-0.117305| 0.088465| 0.054830),(0.266494| 0.033842| 0.240280| 0.932792),(-0.031267| 0.042688| 0.017894),(0.132799| -0.012175| -0.034837| 0.990456),(-0.058579| 0.072955| 0.040640),(0.140695| -0.019371| -0.010734| 0.989805),(-0.078434| 0.089576| 0.056936),(0.232851| 0.007892| 0.085414| 0.968722),(-0.091140| 0.095739| 0.067896),(0.283000| 0.023190| 0.139143| 0.948690),(-0.021000| 0.039924| 0.028998),(0.176270| -0.033740| -0.131156| 0.974981),(-0.039534| 0.068944| 0.050628),(0.171041| -0.046734| -0.115491| 0.977355),(-0.051814| 0.083932| 0.063458),(0.257476| -0.033226| -0.022711| 0.965446),(-0.060582| 0.090580| 0.072051),(0.290322| -0.027980| 0.014228| 0.956414)
0,480000,(0.000214| 0.002519| -0.001260),(0.028156| -0.031741| -0.018222| 0.998933),(-0.034308| -0.000823| -0.007504),(0.572695| -0.636746| -0.055283| 0.513341),(-0.052537| 0.010156| -0.010213),(0.573632| -0.646440| 0.000312| 0.503053),(-0.082577| 0.029668| -0.011685),(0.572711| -0.622120| -0.108836| 0.522612),(-0.098921| 0.043100| -0.006559),(0.546523| -0.544702| -0.333566| 0.541615),(-0.050644| 0.036116| -0.003271),(0.007636| -0.030555| 0.107839| 0.993670),(-0.089906| 0.062322| 0.014453),(0.091793| 0.023100| 0.180716| 0.978970),(-0.112630| 0.073012| 0.028114),(0.123111| 0.040278| 0.211694| 0.968714),(-0.125259| 0.077531| 0.036562),(0.161867| 0.061757| 0.249591| 0.952728),(-0.041296| 0.041826| 0.007155),(0.089738| -0.041414| 0.035897| 0.994456),(-0.077915| 0.070518| 0.028298),(0.142207| -0.031950| 0.113705| 0.982765),(-0.103400| 0.083414| 0.043793),(0.203705| -0.009159| 0.188677| 0.960636),(-0.118203| 0.087548| 0.053536),(0.250152| 0.008706| 0.245684| 0.936476),(-0.031043| 0.042608| 0.018046),(0.137627| -0.016332| -0.028346| 0.989944),(-0.059413| 0.071599| 0.040996),(0.157650| -0.029203| 0.023074| 0.986794),(-0.080531| 0.087171| 0.056888),(0.221572| -0.015203| 0.101175| 0.969762),(-0.093839| 0.093467| 0.067007),(0.260708| -0.006330| 0.149990| 0.953674),(-0.021585| 0.038779| 0.029605),(0.186456| -0.033931| -0.122837| 0.974163),(-0.041804| 0.066355| 0.051403),(0.189463| -0.069751| -0.059584| 0.977593),(-0.056084| 0.080206| 0.063505),(0.245007| -0.064240| 0.012746| 0.967307),(-0.065702| 0.086755| 0.071188),(0.267602| -0.062217| 0.043548| 0.960532)
0,500000,(0.001907| 0.001452| -0.001877),(0.029842| -0.034341| -0.015989| 0.998837),(-0.033881| 0.000806| -0.010007),(0.556016| -0.652045| -0.055230| 0.512477),(-0.049954| 0.013963| -0.015313),(0.507651| -0.711381| 0.015200| 0.485795),(-0.076823| 0.036982| -0.020971),(0.523868| -0.680872| -0.094286| 0.503077),(-0.092012| 0.052063| -0.017687),(0.534372| -0.577986| -0.336493| 0.516867),(-0.049211| 0.037902| -0.004575),(-0.000194| -0.037823| 0.105655| 0.993683),(-0.088520| 0.064669| 0.012253),(0.082342| 0.015762| 0.175947| 0.980823),(-0.111307| 0.076285| 0.025115),(0.096322| 0.022823| 0.190824| 0.976620),(-0.124029| 0.081966| 0.032727),(0.122203| 0.036220| 0.217832| 0.967628),(-0.040449| 0.042680| 0.006809),(0.086396| -0.047225| 0.038959| 0.994378),(-0.077616| 0.071074| 0.027330),(0.139249| -0.040724| 0.124575| 0.981546),(-0.103607| 0.084183| 0.041965),(0.180229| -0.028854| 0.181497| 0.966304),(-0.118705| 0.089295| 0.050804),(0.212289| -0.019236| 0.226259| 0.950458),(-0.030984| 0.042466| 0.018414),(0.139413| -0.020044| -0.020198| 0.989825),(-0.060446| 0.070587| 0.040990),(0.159054| -0.041934| 0.046233| 0.985295),(-0.082647| 0.085641| 0.056021),(0.205877| -0.035702| 0.113404| 0.971329),(-0.096500| 0.092148| 0.065277),(0.235065| -0.031634| 0.155992| 0.958859),(-0.022473| 0.037668| 0.030353),(0.194196| -0.033678| -0.112028| 0.973963),(-0.044263| 0.064012| 0.051951),(0.195887| -0.090678| -0.016905| 0.976279),(-0.060211| 0.076852| 0.063170),(0.238325| -0.089631| 0.049740| 0.965761),(-0.070660| 0.083051| 0.070073),(0.252487| -0.089569| 0.073040| 0.960673)
0,520000,(0.002647| 0.000107| -0.003149),(0.037682| -0.034798| -0.023597| 0.998405),(-0.033214| 0.003093| -0.012339),(0.528974| -0.673009| -0.067377| 0.512548),(-0.047014| 0.017857| -0.019492),(0.439807| -0.764621| 0.017581| 0.470760),(-0.070619| 0.043295| -0.028549),(0.471985| -0.730374| -0.074476| 0.488096),(-0.085195| 0.059371| -0.027683),(0.527101| -0.617704| -0.288138| 0.507527),(-0.047188| 0.040352| -0.005134),(-0.009464| -0.045386| 0.102237| 0.993679),(-0.086075| 0.068461| 0.010712),(0.058678| -0.004142| 0.162597| 0.984938),(-0.108798| 0.081276| 0.022390),(0.073132| -0.000655| 0.183968| 0.980208),(-0.121664| 0.087531| 0.029217),(0.094148| 0.005201| 0.213758| 0.972325),(-0.039056| 0.043852| 0.007152),(0.081151| -0.054148| 0.041028| 0.994384),(-0.076028| 0.072876| 0.027214),(0.123558| -0.055304| 0.119635| 0.983546),(-0.102043| 0.086709| 0.041007),(0.163012| -0.050128| 0.183985| 0.968021),(-0.117385| 0.092090| 0.049180),(0.194058| -0.045691| 0.234912| 0.951352),(-0.030466| 0.042321| 0.019322),(0.139402| -0.025358| -0.012143| 0.989837),(-0.060265| 0.070081| 0.041848),(0.152358| -0.055367| 0.056202| 0.985172),(-0.082988| 0.084796| 0.056316),(0.198883| -0.055930| 0.133937| 0.969215),(-0.097333| 0.090920| 0.065024),(0.225903| -0.056065| 0.179915| 0.955748),(-0.023046| 0.036258| 0.031406),(0.199927| -0.034908| -0.100832| 0.973984),(-0.045275| 0.061702| 0.053568),(0.200689| -0.097219| -0.002854| 0.974815),(-0.061834| 0.073530| 0.064844),(0.254616| -0.103089| 0.092240| 0.957097),(-0.072915| 0.078650| 0.071610),(0.266406| -0.104583| 0.114119| 0.951350)
0,540000,(0.000572| 0.000457| -0.005893),(0.044231| -0.041194| -0.044526| 0.997178),(-0.032069| 0.006704| -0.014559),(0.473673| -0.710625| -0.087060| 0.512901),(-0.043274| 0.023250| -0.022276),(0.353596| -0.812624| -0.005128| 0.463234),(-0.062872| 0.051382| -0.032837),(0.395291| -0.779529| -0.072370| 0.480460),(-0.076089| 0.068820| -0.034355),(0.473934| -0.689078| -0.213779| 0.504833),(-0.043442| 0.044361| -0.005315),(-0.022308| -0.052525| 0.096985| 0.993649),(-0.080896| 0.074851| 0.009536),(0.032599| -0.029044| 0.157029| 0.986628),(-0.103417| 0.088752| 0.019915),(0.055041| -0.032211| 0.204347| 0.976819),(-0.116620| 0.094833| 0.025954),(0.082913| -0.034934| 0.260972| 0.961145),(-0.036145| 0.046017| 0.007845),(0.072155| -0.064400| 0.042486| 0.994405),(-0.071792| 0.076844| 0.027538),(0.104069| -0.073759| 0.113588| 0.985306),(-0.097482| 0.091501| 0.040507),(0.154009| -0.080579| 0.213666| 0.961319),(-0.113236| 0.096375| 0.047938),(0.188656| -0.084768| 0.283797| 0.936313),(-0.028792| 0.042658| 0.020450),(0.136986| -0.036716| -0.003122| 0.989887),(-0.057242| 0.071662| 0.043138),(0.134367| -0.065509| 0.040493| 0.987935),(-0.079180| 0.087274| 0.057287),(0.193869| -0.082311| 0.159344| 0.964494),(-0.093820| 0.093083| 0.065509),(0.221275| -0.089921| 0.215671| 0.946804),(-0.022989| 0.034890| 0.032442),(0.203873| -0.044290| -0.087327| 0.974088),(-0.043591| 0.060679| 0.055881),(0.197612| -0.083841| -0.035180| 0.976055),(-0.058761| 0.072674| 0.068125),(0.276602| -0.114875| 0.119059| 0.946636),(-0.070052| 0.076643| 0.075042),(0.303713| -0.126313| 0.176485| 0.927716)
0,560000,(-0.001442| 0.000644| -0.006015),(0.047515| -0.040616| -0.046713| 0.996951),(-0.030452| 0.010480| -0.016135),(0.413937| -0.742654| -0.120531| 0.512439),(-0.040028| 0.028463| -0.022682),(0.292938| -0.831849| -0.058217| 0.467787),(-0.056748| 0.058578| -0.032923),(0.318002| -0.815730| -0.071596| 0.477842),(-0.067959| 0.077046| -0.038094),(0.343049| -0.798006| -0.089183| 0.487392),(-0.039199| 0.048209| -0.004279),(-0.034778| -0.059062| 0.088857| 0.993683),(-0.074963| 0.080619| 0.010510),(0.015981| -0.048778| 0.158564| 0.986014),(-0.097100| 0.095351| 0.020333),(0.036579| -0.058727| 0.212428| 0.974724),(-0.110313| 0.101734| 0.025869),(0.062949| -0.069705| 0.278224| 0.955913),(-0.032952| 0.047881| 0.009487),(0.062565| -0.075063| 0.040870| 0.994375),(-0.066676| 0.080621| 0.029513),(0.084561| -0.087005| 0.095742| 0.987984),(-0.091322| 0.096966| 0.042126),(0.131093| -0.111751| 0.213298| 0.961681),(-0.107100| 0.102424| 0.048864),(0.165518| -0.129467| 0.301537| 0.930009),(-0.027028| 0.042656| 0.022183),(0.133289| -0.049782| 0.003344| 0.989821),(-0.053387| 0.072756| 0.045934),(0.123667| -0.061457| 0.010295| 0.990365),(-0.073374| 0.089901| 0.060794),(0.180296| -0.100466| 0.146184| 0.967486),(-0.087424| 0.096802| 0.069072),(0.196874| -0.111941| 0.187214| 0.955856),(-0.023164| 0.033197| 0.033650),(0.206198| -0.056116| -0.075801| 0.973955),(-0.041109| 0.059057| 0.059123),(0.201338| -0.045771| -0.094662| 0.973862),(-0.053099| 0.072000| 0.073438),(0.279843| -0.106943| 0.068402| 0.951616),(-0.063300| 0.076710| 0.081317),(0.311362| -0.133417| 0.140646| 0.930308)
0,580000,(-0.001674| 0.001398| -0.001968),(0.052924| -0.061404| -0.035507| 0.996076),(-0.027799| 0.013956| -0.018178),(0.377254| -0.756396| -0.151402| 0.512467),(-0.037029| 0.032542| -0.023447),(0.280782| -0.825269| -0.100577| 0.479560),(-0.053312| 0.063449| -0.031975),(0.305762| -0.810948| -0.096148| 0.489519),(-0.064162| 0.082243| -0.036899),(0.310840| -0.807788| -0.096841| 0.491405),(-0.035624| 0.050844| -0.003419),(-0.049440| -0.064849| 0.077086| 0.993684),(-0.070773| 0.084189| 0.010780),(-0.000773| -0.060611| 0.153391| 0.986305),(-0.092817| 0.099527| 0.020018),(0.013877| -0.072504| 0.200339| 0.976942),(-0.106020| 0.106356| 0.025086),(0.038219| -0.089732| 0.273742| 0.956845),(-0.031177| 0.048629| 0.010867),(0.051945| -0.083388| 0.039512| 0.994378),(-0.064823| 0.081583| 0.030709),(0.075371| -0.093910| 0.092651| 0.988391),(-0.089329| 0.098616| 0.042874),(0.101564| -0.130573| 0.195951| 0.966560),(-0.105041| 0.105150| 0.048837),(0.121441| -0.158195| 0.275690| 0.940331),(-0.027252| 0.041706| 0.023511),(0.128312| -0.059982| 0.013639| 0.989824),(-0.054529| 0.070649| 0.047687),(0.134717| -0.063534| 0.026568| 0.988488),(-0.074927| 0.087195| 0.062912),(0.167489| -0.112893| 0.140943| 0.969194),(-0.088878| 0.094582| 0.071004),(0.173488| -0.122168| 0.162686| 0.963592),(-0.025484| 0.030920| 0.034259),(0.210058| -0.063898| -0.056519| 0.973960),(-0.044666| 0.054759| 0.060834),(0.235055| -0.033736| -0.071897| 0.968732),(-0.056859| 0.066583| 0.076323),(0.278635| -0.102618| 0.052731| 0.953442),(-0.066903| 0.071436| 0.084434),(0.302834| -0.145701| 0.131600| 0.932601)
0,600000,(0.001106| 0.001331| 0.003788),(0.053038| -0.067206| -0.028261| 0.995927),(-0.024495| 0.017295| -0.019519),(0.356763| -0.759409| -0.182579| 0.512527),(-0.033679| 0.036083| -0.024223),(0.282127| -0.816031| -0.124364| 0.488908),(-0.050012| 0.067422| -0.031097),(0.318199| -0.792181| -0.139410| 0.501760),(-0.061660| 0.086224| -0.033442),(0.378641| -0.746793| -0.165112| 0.521219),(-0.032515| 0.052776| -0.001866),(-0.062682| -0.069036| 0.062412| 0.993685),(-0.067865| 0.086220| 0.011625),(-0.011684| -0.070852| 0.156840| 0.985010),(-0.090652| 0.101097| 0.020273),(-0.000113| -0.088021| 0.208341| 0.974088),(-0.104345| 0.107600| 0.024788),(0.017563| -0.111513| 0.281941| 0.952767),(-0.030126| 0.048871| 0.012567),(0.041855| -0.090044| 0.036623| 0.994384),(-0.065082| 0.080919| 0.031607),(0.070841| -0.107459| 0.111284| 0.985419),(-0.090713| 0.097298| 0.042878),(0.079038| -0.147186| 0.190749| 0.967318),(-0.106686| 0.104215| 0.047982),(0.085530| -0.180122| 0.257395| 0.945510),(-0.028322| 0.040474| 0.024812),(0.122101| -0.069015| 0.023679| 0.989832),(-0.058054| 0.067632| 0.048232),(0.139121| -0.082462| 0.064632| 0.984717),(-0.080404| 0.082832| 0.062598),(0.150408| -0.131833| 0.150253| 0.968206),(-0.095024| 0.090021| 0.069876),(0.153110| -0.145050| 0.173211| 0.962037),(-0.028530| 0.028610| 0.034534),(0.212384| -0.070943| -0.035187| 0.973972),(-0.050609| 0.050408| 0.060774),(0.249165| -0.050787| -0.022900| 0.966857),(-0.064986| 0.060995| 0.075642),(0.260986| -0.130145| 0.081178| 0.953079),(-0.075979| 0.065759| 0.082760),(0.266423| -0.182382| 0.150511| 0.934399)
0,620000,(0.002265| 0.001240| 0.007822),(0.020824| -0.045736| -0.017941| 0.998575),(-0.022046| 0.018881| -0.020225),(0.346127| -0.764388| -0.182193| 0.512555),(-0.030881| 0.037704| -0.025586),(0.274811| -0.818857| -0.109596| 0.491876),(-0.046863| 0.069125| -0.033236),(0.320562| -0.788752| -0.130947| 0.507901),(-0.058831| 0.087784| -0.035176),(0.412071| -0.716592| -0.173874| 0.535221),(-0.030495| 0.053732| -0.001588),(-0.070427| -0.069018| 0.053468| 0.993689),(-0.066351| 0.087339| 0.010011),(-0.025307| -0.082522| 0.172453| 0.981229),(-0.090554| 0.101138| 0.016800),(-0.017898| -0.117859| 0.256963| 0.959041),(-0.105359| 0.106238| 0.019705),(-0.009630| -0.153199| 0.342623| 0.926848),(-0.029495| 0.049245| 0.012822),(0.035268| -0.092904| 0.036365| 0.994386),(-0.065994| 0.080762| 0.029494),(0.059281| -0.129310| 0.146419| 0.978941),(-0.093662| 0.095636| 0.038088),(0.058948| -0.178590| 0.235902| 0.953405),(-0.110712| 0.101306| 0.041133),(0.058167| -0.220284| 0.312517| 0.922185),(-0.029135| 0.040325| 0.024849),(0.117031| -0.074415| 0.031662| 0.989830),(-0.061136| 0.066745| 0.046000),(0.131593| -0.111022| 0.109168| 0.978999),(-0.086117| 0.080466| 0.057576),(0.131380| -0.172446| 0.204142| 0.954635),(-0.102378| 0.086284| 0.062429),(0.130440| -0.205627| 0.255776| 0.935565),(-0.030617| 0.028117| 0.034052),(0.212231| -0.077391| -0.018816| 0.973968),(-0.055383| 0.049282| 0.058460),(0.246289| -0.086876| 0.032127| 0.964760),(-0.072665| 0.058904| 0.070762),(0.236811| -0.197572| 0.159961| 0.937709),(-0.085348| 0.062918| 0.075319),(0.229512| -0.250202| 0.221356| 0.914180)
0,640000,(0.001160| 0.000967| 0.006595),(0.010125| -0.028338| -0.021941| 0.999306),(-0.020130| 0.019996| -0.020724),(0.322555| -0.775515| -0.178850| 0.512395),(-0.028218| 0.038911| -0.026978),(0.246580| -0.830117| -0.088820| 0.492154),(-0.043149| 0.070547| -0.035992),(0.299424| -0.797939| -0.111913| 0.510994),(-0.054814| 0.089365| -0.038486),(0.403522| -0.720012| -0.157685| 0.542114),(-0.028208| 0.054749| -0.001471),(-0.076253| -0.066991| 0.047843| 0.993685),(-0.063960| 0.088936| 0.008287),(-0.043780| -0.099204| 0.196676| 0.974454),(-0.089413| 0.101494| 0.012683),(-0.046121| -0.159201| 0.324468| 0.931262),(-0.105117| 0.104629| 0.013430),(-0.047455| -0.209394| 0.431322| 0.876279),(-0.028126| 0.050069| 0.012896),(0.029113| -0.095227| 0.036213| 0.994371),(-0.065404| 0.081594| 0.027019),(0.038270| -0.159991| 0.189456| 0.968011),(-0.094961| 0.094623| 0.031961),(0.027350| -0.227994| 0.308974| 0.922933),(-0.112971| 0.098205| 0.032077),(0.018079| -0.279549| 0.400983| 0.872203),(-0.028868| 0.040938| 0.024763),(0.111735| -0.080308| 0.036526| 0.989814),(-0.062201| 0.067331| 0.043509),(0.114863| -0.148093| 0.156566| 0.969723),(-0.089473| 0.079496| 0.051371),(0.101150| -0.232308| 0.280399| 0.925839),(-0.107078| 0.083350| 0.052819),(0.090175| -0.287384| 0.362249| 0.882075),(-0.031437| 0.028591| 0.033597),(0.209450| -0.086553| -0.008558| 0.973944),(-0.058096| 0.049808| 0.055714),(0.229201| -0.141821| 0.093607| 0.958432),(-0.077890| 0.058514| 0.064355),(0.196811| -0.282696| 0.251372| 0.904523),(-0.091749| 0.061396| 0.065507),(0.179877| -0.338985| 0.315110| 0.868009)
0,660000,(-0.002214| 0.001149| 0.000489),(-0.001623| 0.000322| -0.018429| 0.999829),(-0.019442| 0.020547| -0.020889),(0.293645| -0.787455| -0.176515| 0.512376),(-0.026787| 0.039394| -0.028225),(0.206881| -0.844882| -0.063776| 0.489191),(-0.040818| 0.070986| -0.038687),(0.273616| -0.807463| -0.093216| 0.514247),(-0.052482| 0.089703| -0.041311),(0.402717| -0.713333| -0.150787| 0.553389),(-0.026283| 0.055627| -0.001403),(-0.078622| -0.064000| 0.048107| 0.993684),(-0.061131| 0.090874| 0.007707),(-0.057235| -0.108141| 0.208829| 0.970268),(-0.086862| 0.103097| 0.010773),(-0.066871| -0.185596| 0.372755| 0.906718),(-0.102820| 0.104974| 0.010247),(-0.073002| -0.242713| 0.493426| 0.832041),(-0.026289| 0.051116| 0.013022),(0.025623| -0.096138| 0.036510| 0.994368),(-0.063417| 0.082923| 0.025870),(0.022165| -0.184334| 0.226772| 0.956088),(-0.094027| 0.094117| 0.028148),(0.002466| -0.271589| 0.383923| 0.882517),(-0.112329| 0.095269| 0.025907),(-0.012425| -0.330414| 0.492411| 0.805111),(-0.027345| 0.042068| 0.024943),(0.108740| -0.084272| 0.036727| 0.989811),(-0.060813| 0.068759| 0.042384),(0.100598| -0.179825| 0.196049| 0.958701),(-0.089376| 0.079152| 0.047141),(0.074740| -0.291479| 0.363988| 0.881457),(-0.107402| 0.080471| 0.045473),(0.055223| -0.359307| 0.467971| 0.805513),(-0.030440| 0.029775| 0.033750),(0.206127| -0.094259| -0.008391| 0.973939),(-0.057520| 0.051366| 0.054416),(0.211592| -0.190082| 0.141798| 0.948152),(-0.078587| 0.059018| 0.059933),(0.161558| -0.357536| 0.337982| 0.855474),(-0.092639| 0.060258| 0.057969),(0.135415| -0.422665| 0.415760| 0.793827)
0,680000,(-0.002373| -0.000104| -0.002669),(-0.029522| 0.024804| -0.006068| 0.999238),(-0.020256| 0.019531| -0.021534),(0.276079| -0.800395| -0.143788| 0.512321),(-0.027789| 0.037759| -0.030125),(0.190936| -0.851836| -0.010747| 0.487652),(-0.042545| 0.068398| -0.041961),(0.277554| -0.804702| -0.056692| 0.521732),(-0.055103| 0.086361| -0.044043),(0.433913| -0.684588| -0.142893| 0.568014),(-0.025756| 0.055847| -0.003667),(-0.076743| -0.060039| 0.055607| 0.993687),(-0.060005| 0.091768| 0.004500),(-0.058023| -0.104911| 0.227674| 0.966329),(-0.085872| 0.103309| 0.007027),(-0.061444| -0.182144| 0.426533| 0.883809),(-0.101878| 0.103772| 0.006336),(-0.062106| -0.233199| 0.558610| 0.793547),(-0.025088| 0.052227| 0.010995),(0.026445| -0.094216| 0.040823| 0.994363),(-0.061817| 0.084383| 0.022815),(0.022025| -0.187647| 0.261900| 0.946421),(-0.092875| 0.093771| 0.023989),(0.005746| -0.276702| 0.454516| 0.846651),(-0.111095| 0.092673| 0.021057),(-0.005426| -0.328020| 0.569784| 0.753471),(-0.025630| 0.043907| 0.023464),(0.109591| -0.083489| 0.036250| 0.989801),(-0.058683| 0.071210| 0.039766),(0.097418| -0.192370| 0.232353| 0.948428),(-0.087743| 0.079873| 0.042725),(0.072229| -0.309588| 0.441006| 0.839316),(-0.105611| 0.078866| 0.039701),(0.054829| -0.369126| 0.550482| 0.746799),(-0.028428| 0.032177| 0.033068),(0.204492| -0.097427| -0.012931| 0.973922),(-0.054879| 0.054894| 0.052706),(0.204128| -0.209823| 0.172023| 0.940593),(-0.076210| 0.061928| 0.056672),(0.152754| -0.378558| 0.405065| 0.818097),(-0.090020| 0.061755| 0.053398),(0.125051| -0.441250| 0.494850| 0.738095)
0,700000,(0.000392| -0.002514| -0.004676),(-0.087193| 0.056993| 0.010858| 0.994501),(-0.022988| 0.015287| -0.022603),(0.283617| -0.810081| -0.035020| 0.511961),(-0.032629| 0.031591| -0.032759),(0.231959| -0.831587| 0.110165| 0.492465),(-0.051061| 0.059258| -0.046022),(0.335882| -0.774040| 0.027469| 0.535995),(-0.065476| 0.075550| -0.047012),(0.496865| -0.633211| -0.116372| 0.581916),(-0.027628| 0.054198| -0.010734),(-0.067685| -0.050595| 0.073454| 0.993712),(-0.062149| 0.090126| -0.005366),(-0.035614| -0.072010| 0.261489| 0.961857),(-0.088241| 0.100012| -0.002486),(-0.006427| -0.113011| 0.504190| 0.856142),(-0.104039| 0.098290| -0.001640),(-0.013020| 0.135820| -0.644846| -0.752035),(-0.025289| 0.053110| 0.004153),(0.034241| -0.085623| 0.052994| 0.994328),(-0.061727| 0.085765| 0.013846),(0.050546| -0.148034| 0.302845| 0.940115),(-0.092844| 0.092982| 0.015939),(0.062188| -0.202579| 0.535917| 0.817243),(-0.110729| 0.089226| 0.014738),(-0.067234| 0.229312| -0.662185| -0.710216),(-0.024187| 0.047054| 0.017810),(0.115982| -0.074890| 0.037118| 0.989728),(-0.056385| 0.075912| 0.032002),(0.116626| -0.162308| 0.267209| 0.942684),(-0.085339| 0.083053| 0.035155),(0.118871| -0.242254| 0.520199| 0.810293),(-0.102902| 0.079644| 0.033393),(0.115693| -0.276927| 0.638827| 0.708397),(-0.025423| 0.037213| 0.029535),(0.205208| -0.096073| -0.019517| 0.973796),(-0.050407| 0.062581| 0.047288),(0.217145| -0.186405| 0.192355| 0.938670),(-0.071400| 0.069286| 0.051239),(0.194207| -0.316539| 0.480429| 0.794528),(-0.085093| 0.067453| 0.048771),(0.178442| -0.357981| 0.579301| 0.710224)
0,720000,(0.002523| -0.002203| -0.002807),(-0.107415| 0.070500| 0.026914| 0.991346),(-0.026528| 0.009272| -0.021733),(0.331196| -0.787144| 0.094136| 0.511715),(-0.038959| 0.023100| -0.032475),(0.317566| -0.774660| 0.223499| 0.499102),(-0.061626| 0.047183| -0.045573),(0.421397| -0.717482| 0.092818| 0.546835),(-0.077254| 0.062085| -0.044830),(0.555393| -0.579667| -0.117736| 0.584519),(-0.032203| 0.049670| -0.017909),(-0.053402| -0.036261| 0.091327| 0.993727),(-0.067649| 0.085066| -0.015333),(0.001248| -0.016073| 0.256491| 0.966412),(-0.093192| 0.095012| -0.010810),(0.074261| 0.004212| 0.503896| 0.860556),(-0.108364| 0.093119| -0.007064),(-0.119854| -0.017610| -0.647166| -0.752662),(-0.027960| 0.051771| -0.003568),(0.047024| -0.070975| 0.064048| 0.994308),(-0.064409| 0.085150| 0.003942),(0.090038| -0.081004| 0.296503| 0.947321),(-0.094805| 0.092735| 0.008635),(-0.140163| 0.078290| -0.537341| -0.827944),(-0.112258| 0.088672| 0.010893),(-0.168005| 0.073168| -0.676642| -0.713146),(-0.024630| 0.048822| 0.010726),(0.124978| -0.060824| 0.034574| 0.989690),(-0.055915| 0.079764| 0.022746),(0.147116| -0.099925| 0.250738| 0.951579),(-0.083899| 0.087952| 0.028257),(0.193706| -0.115468| 0.514113| 0.827547),(-0.101211| 0.084584| 0.030056),(-0.212444| 0.119776| -0.641748| -0.727104),(-0.023445| 0.041819| 0.024317),(0.207058| -0.090346| -0.028735| 0.973724),(-0.046558| 0.070655| 0.039680),(0.231716| -0.131958| 0.150026| 0.952044),(-0.066204| 0.079118| 0.045191),(0.262756| -0.191795| 0.471585| 0.819623),(-0.079693| 0.076766| 0.045261),(0.266404| -0.214998| 0.628248| 0.698648)
0,740000,(0.001291| -0.000062| 0.001802),(-0.106915| 0.078037| 0.023554| 0.990921),(-0.029861| 0.003742| -0.018266),(0.390642| -0.737549| 0.202285| 0.512349),(-0.045945| 0.015056| -0.026876),(0.441727| -0.678543| 0.279331| 0.516169),(-0.073633| 0.035286| -0.036484),(0.514068| -0.636673| 0.133766| 0.559007),(-0.090610| 0.048848| -0.034357),(0.589150| -0.546174| -0.076041| 0.590605),(-0.037484| 0.043739| -0.022316),(-0.037402| -0.016714| 0.104444| 0.993687),(-0.074406| 0.077498| -0.021382),(0.044018| 0.043281| 0.257919| 0.964193),(-0.099600| 0.087250| -0.014817),(0.147981| 0.116093| 0.468582| 0.863166),(-0.113816| 0.085889| -0.008335),(-0.216265| -0.163351| -0.599426| -0.753150),(-0.031340| 0.048969| -0.009541),(0.059796| -0.053470| 0.069287| 0.994367),(-0.068290| 0.082006| -0.003542),(0.135923| -0.012998| 0.290400| 0.947114),(-0.097980| 0.089240| 0.004213),(0.224960| 0.047303| 0.518997| 0.823285),(-0.114413| 0.084873| 0.010115),(-0.275402| -0.086153| -0.651033| -0.702060),(-0.025699| 0.049285| 0.004329),(0.131640| -0.047596| 0.026240| 0.989807),(-0.056427| 0.081590| 0.014378),(0.183894| -0.039788| 0.226634| 0.955635),(-0.083341| 0.090240| 0.022541),(-0.281096| -0.010705| -0.491254| -0.824342),(-0.099529| 0.086125| 0.027969),(-0.330684| -0.043870| -0.641279| -0.691003),(-0.022011| 0.045476| 0.018734),(0.205012| -0.087639| -0.041823| 0.973930),(-0.044263| 0.076394| 0.031112),(0.253954| -0.090950| 0.131793| 0.953869),(-0.063269| 0.085451| 0.037802),(-0.342918| 0.072305| -0.448390| -0.822269),(-0.075939| 0.081934| 0.040451),(-0.383965| 0.050286| -0.668370| -0.635078)
0,760000,(-0.000513| 0.000560| 0.001855),(-0.065106| 0.050324| 0.013150| 0.996522),(-0.031659| 0.000992| -0.015118),(0.432630| -0.696858| 0.254418| 0.512339),(-0.050078| 0.010699| -0.020346),(0.538748| -0.596209| 0.269122| 0.530904),(-0.080735| 0.028377| -0.024162),(0.589861| -0.558089| 0.109520| 0.573242),(-0.097943| 0.040681| -0.018660),(0.629277| -0.479428| -0.109963| 0.601720),(-0.040839| 0.039728| -0.023508),(-0.026349| -0.003624| 0.108983| 0.993688),(-0.078901| 0.071947| -0.023002),(0.070274| 0.080841| 0.263238| 0.958766),(-0.103762| 0.079980| -0.014696),(0.207221| 0.197339| 0.485078| 0.826327),(-0.116430| 0.076814| -0.006222),(-0.294102| -0.269956| -0.616554| -0.678594),(-0.033680| 0.046684| -0.012175),(0.068062| -0.042754| 0.069109| 0.994366),(-0.070929| 0.079495| -0.006825),(0.162361| 0.026517| 0.274635| 0.947371),(-0.099713| 0.085990| 0.002932),(0.284482| 0.129315| 0.518313| 0.796052),(-0.114584| 0.080198| 0.011026),(-0.349975| -0.191155| -0.652100| -0.644781),(-0.026710| 0.048940| 0.000884),(0.135082| -0.041162| 0.018563| 0.989805),(-0.056916| 0.082343| 0.009688),(0.201301| -0.008664| 0.190519| 0.960784),(-0.082718| 0.091841| 0.019289),(0.332572| 0.081579| 0.463309| 0.817365),(-0.097921| 0.087474| 0.026743),(-0.399125| -0.137258| -0.617166| -0.664052),(-0.021494| 0.047168| 0.015206),(0.202659| -0.088331| -0.050920| 0.973927),(-0.043532| 0.078830| 0.025865),(0.274110| -0.065120| 0.120906| 0.951843),(-0.062178| 0.087637| 0.033384),(-0.398091| 0.001155| -0.438967| -0.805500),(-0.074171| 0.083400| 0.037620),(-0.456708| -0.049806| -0.649348| -0.606040)
0,780000,(0.000279| -0.000893| 0.000755),(-0.065230| 0.052371| 0.024225| 0.996200),(-0.032831| -0.001921| -0.011752),(0.493875| -0.638561| 0.293109| 0.512264),(-0.052712| 0.006012| -0.013315),(0.632339| -0.501889| 0.236384| 0.540719),(-0.084701| 0.021276| -0.011069),(0.653685| -0.477012| 0.058116| 0.584619),(-0.100552| 0.032981| -0.002085),(0.643822| -0.411638| -0.203724| 0.612000),(-0.044833| 0.034755| -0.024023),(-0.014874| 0.009675| 0.110705| 0.993695),(-0.084415| 0.064965| -0.023534),(0.091871| 0.118266| 0.246794| 0.957427),(-0.108565| 0.072247| -0.013526),(0.253053| 0.278981| 0.451166| 0.809063),(-0.119839| 0.069031| -0.003271),(-0.338874| -0.363225| -0.552530| -0.669285),(-0.037009| 0.043388| -0.014428),(0.077031| -0.030448| 0.066229| 0.994361),(-0.074934| 0.075888| -0.009850),(0.177074| 0.059334| 0.230602| 0.954959),(-0.102288| 0.082589| 0.001625),(0.338663| 0.217925| 0.483102| 0.777450),(-0.115315| 0.076263| 0.011985),(-0.413326| -0.299375| -0.603085| -0.613045),(-0.028911| 0.047662| -0.002588),(0.138406| -0.032791| 0.008987| 0.989792),(-0.059336| 0.081493| 0.004736),(0.209685| 0.017413| 0.143626| 0.967006),(-0.083886| 0.091342| 0.015463),(0.382472| 0.161556| 0.428513| 0.802491),(-0.097461| 0.086139| 0.024899),(-0.466525| -0.245862| -0.585443| -0.615762),(-0.022147| 0.048111| 0.011167),(0.201103| -0.085906| -0.060777| 0.973901),(-0.045679| 0.078410| 0.020615),(0.316825| -0.019462| 0.150030| 0.936341),(-0.064400| 0.083410| 0.029361),(-0.478821| -0.109811| -0.494621| -0.716953),(-0.073646| 0.075479| 0.034497),(-0.535565| -0.192663| -0.688934| -0.448799)
0,800000,(0.002254| -0.001012| 0.003656),(-0.060037| 0.056700| 0.028033| 0.996190),(-0.033018| -0.004340| -0.007794),(0.562023| -0.573126| 0.305954| 0.511907),(-0.053506| 0.001960| -0.007469),(0.692746| -0.425956| 0.214268| 0.541068),(-0.085947| 0.015362| -0.002658),(0.685302| -0.429028| 0.031608| 0.587620),(-0.100477| 0.027447| 0.007121),(0.616467| -0.399148| -0.280074| 0.618230),(-0.048706| 0.029921| -0.022833),(-0.002938| 0.022037| 0.109648| 0.993722),(-0.089375| 0.058878| -0.021655),(0.106402| 0.143000| 0.192824| 0.964909),(-0.112239| 0.067493| -0.010231),(0.288272| 0.338522| 0.359196| 0.820537),(-0.122347| 0.065906| 0.001503),(-0.371810| -0.427192| -0.430690| -0.702688),(-0.040465| 0.040005| -0.015167),(0.085884| -0.018685| 0.059779| 0.994335),(-0.078707| 0.072922| -0.011084),(0.177889| 0.072437| 0.151062| 0.969685),(-0.104134| 0.082141| 0.001635),(0.382653| 0.285159| 0.388385| 0.788301),(-0.115477| 0.077008| 0.014170),(-0.475771| -0.391707| -0.501028| -0.607600),(-0.031403| 0.046083| -0.004917),(0.140663| -0.025013| -0.003530| 0.989735),(-0.061870| 0.080462| 0.001257),(0.206293| 0.029500| 0.072205| 0.975377),(-0.084738| 0.092667| 0.012835),(0.413287| 0.216661| 0.326622| 0.821931),(-0.097266| 0.089317| 0.024321),(-0.512404| -0.320402| -0.464931| -0.647012),(-0.023171| 0.048597| 0.007766),(0.198552| -0.083132| -0.073446| 0.973793),(-0.047579| 0.077838| 0.016935),(0.354663| 0.031252| 0.130716| 0.925284),(-0.065323| 0.081337| 0.027771),(-0.544743| -0.210514| -0.445275| -0.678726),(-0.072046| 0.072311| 0.034233),(-0.609607| -0.325346| -0.634013| -0.347214)
0,820000,(0.002054| -0.000416| 0.004563),(-0.031707| 0.043624| 0.021847| 0.998306),(-0.032520| -0.005443| -0.004648),(0.612181| -0.527997| 0.289692| 0.512380),(-0.053351| -0.000478| -0.004165),(0.720601| -0.385767| 0.209128| 0.536827),(-0.086217| 0.011436| 0.000752),(0.698329| -0.408473| 0.016763| 0.587542),(-0.100306| 0.023807| 0.010254),(-0.590667| 0.407833| 0.320513| -0.618107),(-0.051244| 0.027027| -0.020305),(0.005042| 0.029536| 0.108122| 0.993686),(-0.092691| 0.055393| -0.018709),(0.091494| 0.129849| 0.144728| 0.976638),(-0.114939| 0.065457| -0.007652),(0.287454| 0.349994| 0.293623| 0.841820),(-0.124596| 0.065089| 0.004502),(0.374306| 0.446623| 0.355384| 0.730839),(-0.042887| 0.037957| -0.013993),(0.091038| -0.010695| 0.053161| 0.994370),(-0.081332| 0.071268| -0.010239),(0.156234| 0.056349| 0.087477| 0.982224),(-0.105826| 0.083363| 0.001943),(0.378772| 0.291401| 0.300702| 0.825346),(-0.116942| 0.080321| 0.015264),(-0.488130| -0.417030| -0.411177| -0.647108),(-0.033285| 0.045035| -0.004945),(0.140395| -0.018916| -0.014259| 0.989812),(-0.063859| 0.079575| 0.000936),(0.190458| 0.025226| 0.018785| 0.981192),(-0.085782| 0.094506| 0.012227),(0.394935| 0.213065| 0.224958| 0.864884),(-0.098529| 0.094730| 0.024251),(0.486572| 0.305862| 0.327430| 0.749991),(-0.023824| 0.048520| 0.006506),(0.194698| -0.079086| -0.085324| 0.973940),(-0.046811| 0.080174| 0.014265),(0.301524| 0.003155| -0.000468| 0.953453),(-0.062790| 0.091299| 0.024201),(0.468727| 0.141253| 0.192363| 0.850494),(-0.072531| 0.090367| 0.032798),(-0.581300| -0.254655| -0.349798| -0.689118)
0,840000,(0.000397| 0.000103| 0.004819),(-0.017559| 0.038260| 0.017703| 0.998957),(-0.032200| -0.006214| -0.001857),(0.651348| -0.495969| 0.259305| 0.512368),(-0.053249| -0.002334| -0.000787),(0.744662| -0.354867| 0.187594| 0.533251),(-0.086106| 0.008473| 0.005361),(0.706867| -0.389136| -0.027079| 0.590067),(-0.099555| 0.020985| 0.015501),(-0.571296| 0.401565| 0.363616| -0.616563),(-0.053231| 0.024935| -0.017105),(0.012141| 0.033591| 0.106350| 0.993687),(-0.095307| 0.052553| -0.014069),(0.084042| 0.120650| 0.116139| 0.982289),(-0.117232| 0.063417| -0.002815),(0.281150| 0.347709| 0.243456| 0.860687),(-0.126658| 0.064023| 0.009595),(0.366615| 0.445526| 0.295375| 0.761482),(-0.044786| 0.036425| -0.011996),(0.095142| -0.005667| 0.046315| 0.994370),(-0.083596| 0.069483| -0.007370),(0.143272| 0.045648| 0.050421| 0.987344),(-0.107757| 0.083512| 0.004643),(0.360081| 0.275721| 0.228070| 0.861571),(-0.119211| 0.082781| 0.018211),(-0.470634| -0.401236| -0.323712| -0.716047),(-0.034759| 0.044160| -0.004023),(0.139514| -0.014655| -0.024392| 0.989811),(-0.065680| 0.078401| 0.002571),(0.179841| 0.022647| -0.012640| 0.983354),(-0.087216| 0.095172| 0.013688),(0.362366| 0.191066| 0.146696| 0.900370),(-0.100097| 0.098427| 0.025425),(0.439595| 0.267260| 0.219929| 0.828830),(-0.024873| 0.048275| 0.006912),(0.190447| -0.075491| -0.097360| 0.973937),(-0.047223| 0.081210| 0.014004),(0.253162| -0.025141| -0.081879| 0.963625),(-0.061581| 0.097067| 0.022068),(0.365771| 0.060829| 0.029671| 0.928241),(-0.071571| 0.102999| 0.029438),(0.433470| 0.116610| 0.102748| 0.887665)
0,860000,(-0.001039| -0.000474| 0.003243),(-0.007802| 0.035222| 0.010698| 0.999292),(-0.032066| -0.006795| 0.000332),(0.678652| -0.478005| 0.220056| 0.512366),(-0.053115| -0.003363| 0.002532),(0.761948| -0.338861| 0.146023| 0.532247),(-0.085561| 0.007055| 0.010638),(0.707445| -0.378351| -0.079826| 0.591608),(-0.098357| 0.019661| 0.021652),(-0.553873| 0.395537| 0.398201| -0.614989),(-0.054764| 0.023621| -0.013829),(0.018821| 0.035541| 0.104712| 0.993689),(-0.097074| 0.050698| -0.008585),(0.083360| 0.116632| 0.100725| 0.984532),(-0.118729| 0.062090| 0.003305),(0.272171| 0.334443| 0.205299| 0.878592),(-0.128108| 0.063636| 0.015793),(0.350694| 0.424648| 0.246398| 0.797481),(-0.046222| 0.035393| -0.009579),(0.098244| -0.002957| 0.039563| 0.994371),(-0.085244| 0.068065| -0.003270),(0.135756| 0.038788| 0.032653| 0.989444),(-0.109288| 0.083217| 0.008967),(0.338234| 0.252215| 0.177459| 0.889097),(-0.121074| 0.084410| 0.022477),(0.441178| 0.366653| 0.254685| 0.778501),(-0.035814| 0.043460| -0.002458),(0.137730| -0.012174| -0.033956| 0.989813),(-0.066877| 0.077426| 0.005282),(0.167539| 0.016315| -0.030248| 0.985266),(-0.088166| 0.095214| 0.016358),(0.333425| 0.168526| 0.098188| 0.922381),(-0.100911| 0.100166| 0.027797),(0.406245| 0.238896| 0.158717| 0.867585),(-0.025393| 0.048048| 0.007838),(0.184736| -0.073122| -0.109423| 0.973937),(-0.047482| 0.081533| 0.014858),(0.212349| -0.049392| -0.120835| 0.968436),(-0.061216| 0.098838| 0.022013),(0.329718| 0.038991| -0.015748| 0.943142),(-0.071021| 0.105692| 0.029253),(0.412961| 0.106342| 0.066178| 0.902095)
0,880000,(-0.001411| -0.001040| 0.002489),(0.003898| 0.019393| 0.006114| 0.999786),(-0.032052| -0.007313| 0.001382),(0.692399| -0.471203| 0.189764| 0.512388),(-0.053010| -0.003980| 0.004475),(0.769951| -0.333220| 0.110372| 0.532878),(-0.085092| 0.006275| 0.014064),(0.706217| -0.370759| -0.116485| 0.591800),(-0.097542| 0.018739| 0.025778),(-0.546156| 0.385414| 0.420023| -0.613800),(-0.055648| 0.022953| -0.011626),(0.022420| 0.034996| 0.104191| 0.993689),(-0.097968| 0.049668| -0.004572),(0.084800| 0.115894| 0.092487| 0.985304),(-0.119379| 0.061235| 0.008006),(0.267056| 0.323909| 0.187000| 0.888141),(-0.128678| 0.063149| 0.020584),(0.342107| 0.409283| 0.224009| 0.815641),(-0.047076| 0.034806| -0.007652),(0.099711| -0.002024| 0.035707| 0.994374),(-0.086287| 0.066868| 0.000502),(0.137790| 0.041619| 0.030015| 0.989131),(-0.110300| 0.081979| 0.013572),(0.328594| 0.241513| 0.158328| 0.899238),(-0.122089| 0.083763| 0.027145),(0.425219| 0.347559| 0.226204| 0.804503),(-0.036494| 0.042943| -0.000868),(0.136421| -0.010198| -0.039358| 0.989816),(-0.067836| 0.076281| 0.008384),(0.167637| 0.019533| -0.029791| 0.985205),(-0.089191| 0.093653| 0.020299),(0.327540| 0.166330| 0.087374| 0.925968),(-0.101708| 0.098529| 0.032047),(0.402593| 0.238637| 0.146256| 0.871540),(-0.025741| 0.047588| 0.009066),(0.181194| -0.069989| -0.117075| 0.973943),(-0.048046| 0.080803| 0.016821),(0.198749| -0.054201| -0.125642| 0.970451),(-0.062025| 0.097437| 0.024510),(0.346139| 0.058554| -0.001435| 0.936353),(-0.071895| 0.103229| 0.032546),(0.429062| 0.127190| 0.076344| 0.891011)
0,900000,(-0.001817| -0.001329| 0.002576),(0.019456| 0.008906| 0.002827| 0.999767),(-0.032110| -0.007757| 0.001637),(0.698046| -0.474031| 0.159103| 0.512556),(-0.053007| -0.004489| 0.005186),(0.771767| -0.336386| 0.082255| 0.533343),(-0.084986| 0.005415| 0.015598),(0.705733| -0.365120| -0.141104| 0.590524),(-0.097407| 0.017382| 0.027889),(-0.543321| 0.369227| 0.440125| -0.612179),(-0.056114| 0.022911| -0.009771),(0.023850| 0.031068| 0.105047| 0.993696),(-0.098370| 0.049219| -0.000918),(0.085808| 0.113448| 0.091168| 0.985624),(-0.119533| 0.060358| 0.012517),(0.269336| 0.317353| 0.191243| 0.888916),(-0.128563| 0.061750| 0.025368),(0.348669| 0.405221| 0.232656| 0.812464),(-0.047515| 0.034647| -0.005520),(0.100098| -0.002817| 0.033825| 0.994399),(-0.086802| 0.066039| 0.004601),(0.138963| 0.042195| 0.031787| 0.988888),(-0.110717| 0.080389| 0.018708),(0.329258| 0.237396| 0.162326| 0.899379),(-0.122205| 0.081492| 0.032565),(0.430793| 0.346540| 0.235104| 0.799409),(-0.036856| 0.042577| 0.001389),(0.135501| -0.007866| -0.042138| 0.989850),(-0.068361| 0.075199| 0.012411),(0.166564| 0.020583| -0.026229| 0.985467),(-0.089777| 0.091727| 0.025304),(0.328044| 0.166357| 0.092569| 0.925281),(-0.102083| 0.095817| 0.037502),(0.409247| 0.243332| 0.156538| 0.865334),(-0.025944| 0.046886| 0.011302),(0.179195| -0.064343| -0.122891| 0.973985),(-0.048553| 0.079404| 0.020781),(0.200553| -0.046413| -0.119955| 0.971203),(-0.062837| 0.094795| 0.029738),(0.369452| 0.081588| 0.019246| 0.925461),(-0.072637| 0.099400| 0.038580),(0.439364| 0.138910| 0.083437| 0.883573)
0,920000,(-0.001374| -0.000987| 0.001936),(0.025749| 0.005065| 0.001246| 0.999655),(-0.032147| -0.008047| 0.001364),(0.700837| -0.479655| 0.127296| 0.512400),(-0.053067| -0.004942| 0.004915),(0.771216| -0.343760| 0.063518| 0.531997),(-0.085172| 0.004420| 0.015509),(0.705936| -0.361690| -0.158257| 0.588039),(-0.097688| 0.015744| 0.028227),(-0.540291| 0.350939| 0.462178| -0.609359),(-0.056362| 0.023162| -0.008190),(0.025113| 0.025719| 0.106289| 0.993685),(-0.098531| 0.049018| 0.002336),(0.084419| 0.106568| 0.091617| 0.986470),(-0.119539| 0.059607| 0.016416),(0.270400| 0.306094| 0.201802| 0.890206),(-0.128400| 0.060318| 0.029415),(0.355205| 0.396882| 0.250157| 0.808540),(-0.047728| 0.034677| -0.003433),(0.100703| -0.004224| 0.032641| 0.994372),(-0.086985| 0.065493| 0.008422),(0.134659| 0.035595| 0.031290| 0.989758),(-0.110830| 0.079189| 0.023147),(0.327750| 0.227286| 0.170542| 0.901020),(-0.122098| 0.079459| 0.037112),(0.438979| 0.343286| 0.254462| 0.790381),(-0.037018| 0.042265| 0.003776),(0.135336| -0.005240| -0.043836| 0.989816),(-0.068504| 0.074273| 0.016488),(0.160533| 0.016476| -0.027191| 0.986518),(-0.089890| 0.090403| 0.029933),(0.319435| 0.155016| 0.092277| 0.930278),(-0.102162| 0.094240| 0.042196),(0.401761| 0.230218| 0.158306| 0.872082),(-0.026004| 0.046064| 0.013781),(0.178323| -0.057344| -0.127842| 0.973945),(-0.048757| 0.077791| 0.025187),(0.202392| -0.038857| -0.116372| 0.971589),(-0.063116| 0.092614| 0.034980),(0.361434| 0.076927| 0.014490| 0.929106),(-0.072790| 0.097227| 0.043905),(0.420096| 0.122579| 0.067568| 0.896621)
0,940000,(-0.000713| -0.000574| 0.002013),(0.017321| 0.006801| 0.003378| 0.999821),(-0.032069| -0.008322| 0.001390),(0.705626| -0.478871| 0.101130| 0.512394),(-0.053011| -0.005403| 0.004955),(0.772148| -0.346117| 0.047674| 0.530770),(-0.085231| 0.003467| 0.015669),(0.706833| -0.357265| -0.172052| 0.585787),(-0.097881| 0.014294| 0.028647),(-0.538901| 0.337215| 0.477083| -0.606847),(-0.056639| 0.023042| -0.006762),(0.026400| 0.022189| 0.106765| 0.993686),(-0.098823| 0.048377| 0.004966),(0.080287| 0.098382| 0.090646| 0.987754),(-0.119889| 0.058739| 0.019228),(0.261086| 0.289331| 0.202664| 0.898359),(-0.128923| 0.059359| 0.032093),(0.345220| 0.378155| 0.252960| 0.820874),(-0.048002| 0.034439| -0.001725),(0.101167| -0.004661| 0.031111| 0.994372),(-0.087212| 0.064837| 0.011271),(0.126676| 0.027122| 0.025048| 0.991257),(-0.111064| 0.078709| 0.026004),(0.312600| 0.207673| 0.160844| 0.912843),(-0.122584| 0.079358| 0.039725),(0.422979| 0.319908| 0.244964| 0.811628),(-0.037245| 0.041845| 0.005599),(0.134754| -0.002788| -0.045815| 0.989815),(-0.068667| 0.073429| 0.019432),(0.151294| 0.010942| -0.034008| 0.987843),(-0.089927| 0.089851| 0.032901),(0.299541| 0.137238| 0.076193| 0.941082),(-0.102250| 0.094376| 0.044853),(0.375557| 0.204655| 0.136050| 0.893624),(-0.026113| 0.045353| 0.015581),(0.176924| -0.051654| -0.132148| 0.973944),(-0.048908| 0.076533| 0.028199),(0.196587| -0.037448| -0.120110| 0.972381),(-0.063132| 0.091524| 0.038136),(0.333566| 0.059394| -0.009923| 0.940802),(-0.072618| 0.096976| 0.046714),(0.383129| 0.096274| 0.033246| 0.918062)
0,960000,(-0.000399| -0.000183| 0.001393),(0.004677| 0.011350| 0.005097| 0.999912),(-0.031944| -0.008663| 0.001928),(0.712538| -0.472523| 0.080593| 0.512365),(-0.052831| -0.005898| 0.005909),(0.775394| -0.341280| 0.027467| 0.530602),(-0.084986| 0.002609| 0.017221),(0.707668| -0.350682| -0.186653| 0.584284),(-0.097715| 0.013137| 0.030436),(-0.538372| 0.330075| 0.483752| -0.605963),(-0.057014| 0.022542| -0.005390),(0.028611| 0.021433| 0.106332| 0.993688),(-0.099235| 0.047049| 0.007732),(0.085893| 0.102591| 0.097006| 0.986249),(-0.120312| 0.056905| 0.022596),(0.253488| 0.281117| 0.199827| 0.903762),(-0.129474| 0.057650| 0.035390),(0.329211| 0.361895| 0.244647| 0.837138),(-0.048379| 0.033963| -0.000424),(0.101907| -0.003944| 0.028755| 0.994371),(-0.087657| 0.063806| 0.013577),(0.124703| 0.024870| 0.024321| 0.991584),(-0.111608| 0.077745| 0.028456),(0.297636| 0.193502| 0.147211| 0.923200),(-0.123364| 0.079066| 0.041972),(0.400905| 0.298476| 0.223378| 0.836833),(-0.037536| 0.041417| 0.006723),(0.133718| -0.001015| -0.048889| 0.989812),(-0.068964| 0.072627| 0.021343),(0.146109| 0.008502| -0.037986| 0.988503),(-0.090164| 0.089241| 0.034882),(0.283875| 0.125982| 0.060485| 0.948623),(-0.102470| 0.094419| 0.046609),(0.351832| 0.185980| 0.111631| 0.910585),(-0.026211| 0.044937| 0.016482),(0.174407| -0.048642| -0.136614| 0.973937),(-0.049044| 0.075789| 0.029768),(0.190882| -0.037531| -0.124256| 0.972993),(-0.063154| 0.090935| 0.039773),(0.314188| 0.049839| -0.030420| 0.947564),(-0.072435| 0.096898| 0.048207),(0.362477| 0.085551| 0.009112| 0.928013)
0,980000,(-0.000368| -0.000265| 0.000110),(-0.003436| 0.009220| 0.003791| 0.999944),(-0.031864| -0.008925| 0.002499),(0.717507| -0.466577| 0.070625| 0.512349),(-0.052688| -0.006140| 0.006791),(0.776878| -0.338596| 0.014778| 0.530656),(-0.084702| 0.002427| 0.018508),(0.705935| -0.350504| -0.196534| 0.583247),(-0.097330| 0.013048| 0.031780),(-0.533149| 0.334142| 0.488798| -0.604300),(-0.057287| 0.022074| -0.004580),(0.030422| 0.022386| 0.105644| 0.993686),(-0.099551| 0.046028| 0.009307),(0.090850| 0.106818| 0.103565| 0.984688),(-0.120642| 0.055507| 0.024549),(0.249754| 0.280023| 0.197278| 0.905700),(-0.129812| 0.056362| 0.037343),(0.320215| 0.357024| 0.237243| 0.844815),(-0.048658| 0.033582| 0.000162),(0.102470| -0.002976| 0.026901| 0.994368),(-0.088029| 0.063128| 0.014526),(0.123264| 0.022661| 0.025863| 0.991778),(-0.112142| 0.077208| 0.029296),(0.285716| 0.184052| 0.136754| 0.930478),(-0.124148| 0.079237| 0.042576),(0.378855| 0.280157| 0.202369| 0.858503),(-0.037746| 0.041173| 0.007053),(0.132822| -0.000344| -0.051336| 0.989810),(-0.069237| 0.072171| 0.021982),(0.145012| 0.007912| -0.037418| 0.988690),(-0.090484| 0.088726| 0.035613),(0.278846| 0.123817| 0.054799| 0.950742),(-0.102755| 0.094105| 0.047311),(0.342630| 0.180896| 0.100961| 0.916345),(-0.026268| 0.044847| 0.016576),(0.172251| -0.048269| -0.139472| 0.973934),(-0.049121| 0.075619| 0.030015),(0.187658| -0.038396| -0.126392| 0.973312),(-0.063204| 0.090734| 0.040102),(0.312152| 0.051299| -0.035939| 0.947965),(-0.072392| 0.096662| 0.048658),(0.363155| 0.089630| 0.004036| 0.927399)
1,000000,(-0.000239| -0.000589| -0.000977),(-0.005554| 0.006037| 0.000391| 0.999966),(-0.031898| -0.009002| 0.002865),(0.718735| -0.465251| 0.067138| 0.512303),(-0.052644| -0.006026| 0.007417),(0.775971| -0.340292| 0.006430| 0.531065),(-0.084473| 0.002871| 0.019449),(0.702873| -0.354527| -0.202245| 0.582561),(-0.096957| 0.013704| 0.032727),(-0.528445| 0.341780| 0.490234| -0.602995),(-0.057405| 0.021936| -0.004257),(0.031718| 0.023551| 0.105037| 0.993683),(-0.099599| 0.045728| 0.010023),(0.095774| 0.110945| 0.108774| 0.983202),(-0.120673| 0.055104| 0.025488),(0.247454| 0.279037| 0.193259| 0.907500),(-0.129872| 0.056210| 0.038255),(0.313542| 0.352508| 0.228541| 0.851586),(-0.048742| 0.033497| 0.000264),(0.102834| -0.002628| 0.025716| 0.994363),(-0.088073| 0.062964| 0.014893),(0.126594| 0.025021| 0.029370| 0.991204),(-0.112207| 0.077095| 0.029804),(0.282023| 0.181217| 0.130271| 0.933088),(-0.124273| 0.079593| 0.043010),(0.367795| 0.270524| 0.187511| 0.869703),(-0.037756| 0.041176| 0.006939),(0.132240| -0.000839| -0.052905| 0.989805),(-0.069188| 0.072137| 0.022064),(0.148742| 0.010472| -0.034769| 0.988209),(-0.090383| 0.088573| 0.035978),(0.281455| 0.126644| 0.052435| 0.949734),(-0.102523| 0.093994| 0.047814),(0.343424| 0.182655| 0.095177| 0.916318),(-0.026166| 0.044975| 0.016275),(0.170646| -0.049708| -0.140975| 0.973928),(-0.048949| 0.075778| 0.029768),(0.190109| -0.037040| -0.125295| 0.973030),(-0.063009| 0.090720| 0.040109),(0.320728| 0.058077| -0.033995| 0.944778),(-0.072116| 0.096443| 0.048913),(0.370979| 0.096295| 0.003995| 0.923627)
1,020000,(-0.000368| -0.000522| -0.000952),(-0.004976| 0.002401| -0.000491| 0.999985),(-0.031934| -0.008976| 0.003042),(0.718570| -0.465245| 0.068289| 0.512388),(-0.052598| -0.005849| 0.007868),(0.775365| -0.340173| 0.000885| 0.532063),(-0.084229| 0.003292| 0.020276),(0.700982| -0.355285| -0.206059| 0.583041),(-0.096542| 0.014253| 0.033641),(-0.525929| 0.344186| 0.490887| -0.603295),(-0.057429| 0.021930| -0.004267),(0.032186| 0.024645| 0.104632| 0.993685),(-0.099512| 0.045740| 0.010190),(0.100519| 0.116709| 0.110713| 0.981844),(-0.120510| 0.055199| 0.025839),(0.245824| 0.279126| 0.187176| 0.909189),(-0.129717| 0.056602| 0.038580),(0.309712| 0.350760| 0.219333| 0.856119),(-0.048738| 0.033525| 0.000102),(0.102888| -0.002398| 0.025232| 0.994370),(-0.087965| 0.062998| 0.014952),(0.132560| 0.031526| 0.031172| 0.990183),(-0.112000| 0.077223| 0.030142),(0.281009| 0.181106| 0.123484| 0.934337),(-0.124043| 0.080111| 0.043325),(0.362642| 0.266134| 0.175588| 0.875690),(-0.037712| 0.041263| 0.006643),(0.131912| -0.001428| -0.053546| 0.989813),(-0.069059| 0.072230| 0.021911),(0.154952| 0.015884| -0.032865| 0.987247),(-0.090137| 0.088616| 0.036148),(0.284680| 0.130075| 0.048809| 0.948502),(-0.102135| 0.094159| 0.048092),(0.344459| 0.184348| 0.088288| 0.916280),(-0.026072| 0.045151| 0.015873),(0.169841| -0.051216| -0.141308| 0.973942),(-0.048772| 0.076001| 0.029391),(0.195657| -0.033184| -0.124465| 0.972176),(-0.062753| 0.090862| 0.039980),(0.326804| 0.062640| -0.035502| 0.942345),(-0.071754| 0.096572| 0.048921),(0.374694| 0.099164| -0.000370| 0.921830)
1,040000,(-0.000321| -0.000397| -0.000230),(-0.003326| -0.001328| -0.000037| 0.999994),(-0.031925| -0.008933| 0.003012),(0.718349| -0.464825| 0.073288| 0.512388),(-0.052554| -0.005750| 0.007944),(0.775591| -0.338528| 0.001167| 0.532782),(-0.084115| 0.003475| 0.020483),(0.701500| -0.354200| -0.204677| 0.583565),(-0.096371| 0.014483| 0.033860),(-0.526522| 0.344211| 0.489415| -0.603959),(-0.057405| 0.021922| -0.004572),(0.031912| 0.025342| 0.104550| 0.993685),(-0.099438| 0.045767| 0.009836),(0.104161| 0.122773| 0.110349| 0.980765),(-0.120366| 0.055341| 0.025586),(0.244685| 0.280428| 0.182122| 0.910122),(-0.129579| 0.056956| 0.038293),(0.308166| 0.351854| 0.213118| 0.857796),(-0.048721| 0.033542| -0.000247),(0.102823| -0.002234| 0.025520| 0.994370),(-0.087910| 0.063024| 0.014601),(0.137427| 0.037703| 0.031308| 0.989299),(-0.111873| 0.077352| 0.029928),(0.280077| 0.181439| 0.118800| 0.935160),(-0.123928| 0.080505| 0.043040),(0.359874| 0.264414| 0.169038| 0.878637),(-0.037712| 0.041322| 0.006271),(0.132055| -0.001789| -0.053185| 0.989813),(-0.069059| 0.072283| 0.021502),(0.160128| 0.020778| -0.031957| 0.986360),(-0.090084| 0.088689| 0.035855),(0.285333| 0.131344| 0.045849| 0.948278),(-0.102042| 0.094387| 0.047761),(0.343804| 0.184543| 0.083941| 0.916895),(-0.026094| 0.045276| 0.015497),(0.170213| -0.052163| -0.140513| 0.973942),(-0.048829| 0.076118| 0.028933),(0.201169| -0.029620| -0.122769| 0.971381),(-0.062822| 0.090938| 0.039592),(0.328455| 0.063361| -0.035607| 0.941719),(-0.071823| 0.096715| 0.048484),(0.373941| 0.098006| -0.002000| 0.922257)
1,060000,(-0.000250| -0.000121| 0.000500),(-0.002743| -0.001826| 0.000129| 0.999995),(-0.031903| -0.008895| 0.002953),(0.718193| -0.464221| 0.078457| 0.512389),(-0.052544| -0.005712| 0.007822),(0.775936| -0.337578| 0.005473| 0.532855),(-0.084151| 0.003529| 0.020230),(0.702718| -0.354366| -0.199895| 0.583656),(-0.096434| 0.014582| 0.033510),(-0.527299| 0.345933| 0.487000| -0.604249),(-0.057381| 0.021899| -0.004896),(0.031525| 0.025927| 0.104525| 0.993684),(-0.099381| 0.045861| 0.009328),(0.105206| 0.126099| 0.107580| 0.980539),(-0.120265| 0.055655| 0.025034),(0.243068| 0.280553| 0.177040| 0.911518),(-0.129508| 0.057470| 0.037678),(0.306986| 0.352364| 0.207834| 0.859305),(-0.048709| 0.033543| -0.000594),(0.102730| -0.002062| 0.025907| 0.994370),(-0.087874| 0.063113| 0.014074),(0.139056| 0.040567| 0.029746| 0.989006),(-0.111798| 0.077634| 0.029322),(0.278149| 0.180419| 0.115158| 0.936387),(-0.123907| 0.081020| 0.042311),(0.356927| 0.262069| 0.164838| 0.881335),(-0.037726| 0.041361| 0.005920),(0.132249| -0.002042| -0.052692| 0.989813),(-0.069083| 0.072359| 0.021006),(0.162852| 0.023582| -0.032161| 0.985844),(-0.090080| 0.088829| 0.035334),(0.285313| 0.131743| 0.044268| 0.948304),(-0.102040| 0.094626| 0.047170),(0.343923| 0.185052| 0.082617| 0.916868),(-0.026141| 0.045368| 0.015161),(0.170737| -0.052883| -0.139603| 0.973942),(-0.048909| 0.076244| 0.028427),(0.203763| -0.028187| -0.122262| 0.970947),(-0.062911| 0.091104| 0.039018),(0.327819| 0.062333| -0.035906| 0.941998),(-0.071935| 0.096972| 0.047810),(0.372448| 0.096266| -0.002437| 0.923044)
1,080000,(-0.000157| 0.000006| 0.000877),(-0.002384| -0.001184| 0.000393| 0.999997),(-0.031878| -0.008874| 0.002910),(0.718367| -0.463281| 0.082372| 0.512381),(-0.052549| -0.005710| 0.007651),(0.776248| -0.337201| 0.010552| 0.532563),(-0.084255| 0.003516| 0.019818),(0.704140| -0.355337| -0.194107| 0.583305),(-0.096640| 0.014606| 0.032949),(-0.529001| 0.348855| 0.483141| -0.604180),(-0.057374| 0.021847| -0.005148),(0.031262| 0.026440| 0.104471| 0.993685),(-0.099365| 0.045966| 0.008831),(0.103888| 0.126315| 0.103545| 0.981086),(-0.120242| 0.056026| 0.024373),(0.241053| 0.279433| 0.172570| 0.913253),(-0.129536| 0.058014| 0.036940),(0.305739| 0.351842| 0.203722| 0.860947),(-0.048715| 0.033519| -0.000875),(0.102676| -0.001868| 0.026156| 0.994369),(-0.087873| 0.063229| 0.013505),(0.137614| 0.039951| 0.027130| 0.989308),(-0.111791| 0.077970| 0.028526),(0.276219| 0.179014| 0.113082| 0.937481),(-0.123965| 0.081501| 0.041397),(0.355007| 0.260471| 0.163302| 0.882869),(-0.037753| 0.041376| 0.005626),(0.132382| -0.002198| -0.052372| 0.989812),(-0.069128| 0.072438| 0.020519),(0.163301| 0.024288| -0.033033| 0.985724),(-0.090120| 0.088932| 0.034775),(0.286683| 0.133151| 0.045174| 0.947651),(-0.102091| 0.094666| 0.046605),(0.347376| 0.188332| 0.085560| 0.914626),(-0.026195| 0.045435| 0.014876),(0.171116| -0.053422| -0.138947| 0.973940),(-0.048985| 0.076372| 0.027940),(0.203841| -0.028509| -0.122814| 0.970852),(-0.062994| 0.091288| 0.038414),(0.327581| 0.061749| -0.035236| 0.942145),(-0.072055| 0.097164| 0.047145),(0.373779| 0.096890| 0.000017| 0.922444)
1,100000,(-0.000140| 0.000159| 0.000534),(-0.000561| 0.001148| 0.000537| 0.999999),(-0.031857| -0.008888| 0.002951),(0.719048| -0.462413| 0.081249| 0.512390),(-0.052560| -0.005719| 0.007547),(0.775910| -0.338913| 0.012770| 0.531921),(-0.084347| 0.003538| 0.019474),(0.704067| -0.358009| -0.192020| 0.582450),(-0.096801| 0.014680| 0.032480),(-0.528586| 0.352609| 0.482336| -0.603005),(-0.057405| 0.021788| -0.005082),(0.031460| 0.026592| 0.104373| 0.993685),(-0.099352| 0.046058| 0.008834),(0.101093| 0.123813| 0.098512| 0.982215),(-0.120217| 0.056419| 0.024204),(0.237835| 0.275313| 0.167342| 0.916315),(-0.129586| 0.058609| 0.036679),(0.302398| 0.347048| 0.198492| 0.865283),(-0.048748| 0.033481| -0.000846),(0.102724| -0.001727| 0.025926| 0.994371),(-0.087875| 0.063261| 0.013492),(0.135614| 0.038272| 0.024747| 0.989713),(-0.111781| 0.078164| 0.028380),(0.273711| 0.176302| 0.110838| 0.938997),(-0.124010| 0.081825| 0.041165),(0.351719| 0.256607| 0.160842| 0.885763),(-0.037779| 0.041357| 0.005621),(0.132251| -0.002115| -0.052669| 0.989814),(-0.069139| 0.072417| 0.020545),(0.162960| 0.024342| -0.033944| 0.985748),(-0.090116| 0.088906| 0.034816),(0.286740| 0.133205| 0.045191| 0.947626),(-0.102091| 0.094616| 0.046653),(0.347359| 0.188140| 0.085888| 0.914641),(-0.026205| 0.045437| 0.014844),(0.170842| -0.053396| -0.139276| 0.973943),(-0.049000| 0.076381| 0.027891),(0.202658| -0.029235| -0.123345| 0.971011),(-0.063022| 0.091307| 0.038329),(0.326791| 0.061182| -0.034813| 0.942472),(-0.072106| 0.097172| 0.047044),(0.373219| 0.096455| 0.000894| 0.922715)
1,120000,(-0.000072| 0.000202| 0.000268),(-0.000849| 0.001979| 0.001211| 0.999997),(-0.031824| -0.008956| 0.003094),(0.720483| -0.460535| 0.079183| 0.512389),(-0.052563| -0.005810| 0.007544),(0.775990| -0.339902| 0.014616| 0.531124),(-0.084397| 0.003466| 0.019274),(0.703459| -0.359910| -0.192560| 0.581834),(-0.096824| 0.014676| 0.032214),(-0.526074| 0.354994| 0.485214| -0.601492),(-0.057474| 0.021637| -0.004887),(0.031809| 0.026845| 0.104201| 0.993685),(-0.099419| 0.046058| 0.008897),(0.096058| 0.118555| 0.092692| 0.983934),(-0.120289| 0.056719| 0.024010),(0.235294| 0.272227| 0.162668| 0.918732),(-0.129691| 0.059045| 0.036429),(0.300521| 0.344425| 0.194121| 0.867972),(-0.048826| 0.033369| -0.000713),(0.102831| -0.001436| 0.025521| 0.994370),(-0.087968| 0.063162| 0.013592),(0.133121| 0.035979| 0.022844| 0.990183),(-0.111862| 0.078092| 0.028407),(0.273866| 0.176937| 0.110509| 0.938871),(-0.124059| 0.081691| 0.041233),(0.352880| 0.258486| 0.161144| 0.884700),(-0.037851| 0.041281| 0.005699),(0.132047| -0.001886| -0.053190| 0.989814),(-0.069230| 0.072316| 0.020636),(0.161596| 0.023525| -0.034890| 0.985960),(-0.090210| 0.088776| 0.034900),(0.286844| 0.133922| 0.045228| 0.947492),(-0.102177| 0.094431| 0.046766),(0.347484| 0.189010| 0.085978| 0.914406),(-0.026252| 0.045403| 0.014874),(0.170420| -0.053220| -0.139861| 0.973942),(-0.049081| 0.076331| 0.027903),(0.200823| -0.030305| -0.123881| 0.971291),(-0.063125| 0.091240| 0.038310),(0.326640| 0.061880| -0.034604| 0.942486),(-0.072216| 0.097050| 0.047050),(0.374084| 0.098157| 0.001749| 0.922184)
1,140000,(-0.000088| 0.000172| 0.000133),(-0.000511| 0.000649| 0.000992| 0.999999),(-0.031807| -0.009020| 0.003191),(0.721498| -0.459023| 0.078714| 0.512390),(-0.052579| -0.005903| 0.007505),(0.776162| -0.340315| 0.017143| 0.530533),(-0.084432| 0.003389| 0.019087),(0.702815| -0.360708| -0.193758| 0.581721),(-0.096785| 0.014659| 0.032017),(-0.523814| 0.355327| 0.488851| -0.600322),(-0.057518| 0.021508| -0.004783),(0.031892| 0.027018| 0.104131| 0.993685),(-0.099491| 0.046055| 0.008809),(0.091529| 0.113924| 0.088029| 0.985340),(-0.120377| 0.056936| 0.023687),(0.234033| 0.270855| 0.159919| 0.919942),(-0.129794| 0.059324| 0.036081),(0.300141| 0.343861| 0.191948| 0.868810),(-0.048888| 0.033272| -0.000642),(0.102867| -0.001203| 0.025387| 0.994371),(-0.088075| 0.063038| 0.013612),(0.131801| 0.034848| 0.022158| 0.990416),(-0.111982| 0.077933| 0.028392),(0.274697| 0.178537| 0.111191| 0.938245),(-0.124155| 0.081445| 0.041264),(0.354091| 0.260844| 0.162112| 0.883346),(-0.037919| 0.041210| 0.005749),(0.131982| -0.001675| -0.053361| 0.989814),(-0.069352| 0.072200| 0.020672),(0.161109| 0.023320| -0.034867| 0.986045),(-0.090364| 0.088601| 0.034935),(0.287321| 0.135074| 0.045909| 0.947151),(-0.102335| 0.094192| 0.046827),(0.347923| 0.190394| 0.086669| 0.913886),(-0.026317| 0.045363| 0.014909),(0.170343| -0.053022| -0.140030| 0.973942),(-0.049209| 0.076265| 0.027897),(0.199810| -0.031020| -0.123555| 0.971519),(-0.063298| 0.091153| 0.038264),(0.326447| 0.062509| -0.034097| 0.942530),(-0.072405| 0.096919| 0.047016),(0.374971| 0.099937| 0.002945| 0.921630)

