System.Single,(NaN),UnityEngine.Quaternion,(NaN),UnityEngine.Quaternion,(NaN),UnityEngine.Quaternion,(NaN),UnityEngine.Quaternion,(NaN),UnityEngine.Quaternion,(NaN),UnityEngine.Quaternion,(NaN),UnityEngine.Quaternion,(NaN),UnityEngine.Quaternion,(NaN),UnityEngine.Quaternion,(NaN),UnityEngine.Quaternion,(NaN),UnityEngine.Quaternion,(NaN),UnityEngine.Quaternion,(NaN),UnityEngine.Quaternion,(NaN),UnityEngine.Quaternion,(NaN),UnityEngine.Quaternion,(NaN),UnityEngine.Quaternion,(NaN),UnityEngine.Quaternion,(NaN),UnityEngine.Quaternion,(NaN),UnityEngine.Quaternion,(NaN),UnityEngine.Quaternion,(NaN),UnityEngine.Quaternion
0,(2009.012750),(0.109302| -0.062590| 0.307663),(0.286335| -0.866336| -0.287030| -0.274092),(0.076422| -0.067265| 0.305667),(0.061830| -0.126141| -0.508342| -0.823658),(0.055173| -0.065488| 0.304959),(0.104396| -0.090313| -0.638476| -0.697464),(0.021567| -0.060619| 0.311293),(-0.095187| -0.270299| -0.607020| -0.712830),(0.007526| -0.055385| 0.325528),(0.391273| 0.516460| 0.490034| 0.655873),(0.056228| -0.032666| 0.310220),(0.370038| -0.797049| -0.316556| -0.263139),(0.015400| -0.008062| 0.327075),(0.382166| -0.798924| -0.330618| -0.262046),(-0.007096| -0.000554| 0.340108),(0.470724| -0.682389| -0.609828| -0.126911),(-0.017685| -0.004089| 0.350941),(-0.446587| 0.503234| 0.675807| 0.026507),(0.065530| -0.025435| 0.319559),(0.295465| -0.826286| -0.373494| -0.321376),(0.029395| 0.003174| 0.341646),(0.277924| -0.839989| -0.378163| -0.317106),(0.006549| 0.013787| 0.359097),(0.349942| -0.618795| -0.614987| -0.187669),(-0.005631| 0.009674| 0.371466),(-0.414674| 0.511704| 0.798898| 0.115518),(0.076330| -0.023061| 0.329535),(0.207307| -0.808486| -0.381854| -0.315156),(0.049299| 0.006062| 0.353550),(0.170267| -0.825541| -0.356178| -0.310893),(0.031095| 0.020041| 0.371882),(0.255034| -0.678016| -0.590490| -0.243582),(0.019174| 0.019865| 0.384830),(-0.316553| 0.603488| 0.757244| 0.207660),(0.086845| -0.025383| 0.340363),(0.119577| -0.851592| -0.405447| -0.383750),(0.069110| 0.002305| 0.363783),(0.053168| -0.897813| -0.385390| -0.375777),(0.058828| 0.015226| 0.378988),(0.142243| -0.687757| -0.571694| -0.315061),(0.050084| 0.017068| 0.389495),(-0.200856| 0.651515| 0.721410| 0.316217),undefined
0,(4018.025501),(-0.000090| -0.000275| -0.000170),(0.000640| 0.000460| 0.000408| 0.995007),(-0.032888| -0.004700| -0.001990),(0.626510| -0.553459| -0.081224| 0.501129),(-0.054140| -0.002939| -0.002665),(0.702220| -0.428116| 0.038198| 0.485086),(-0.087745| 0.001892| 0.003716),(0.682024| -0.343230| -0.200066| 0.579425),(-0.101782| 0.007096| 0.017967),(-0.573968| 0.173893| 0.544031| -0.659152),(-0.053103| 0.029881| 0.002614),(0.019493| -0.025447| 0.103987| 0.964274),(-0.093925| 0.054457| 0.019519),(0.027341| -0.023398| 0.117660| 0.973226),(-0.116403| 0.061956| 0.032575),(0.241252| 0.116986| 0.344499| 0.940566),(-0.126979| 0.058408| 0.043415),(-0.328035| -0.180826| -0.422072| -0.769190),(-0.043799| 0.037108| 0.011955),(0.097876| -0.030061| 0.029459| 1.000738),(-0.079948| 0.065674| 0.034073),(0.101181| -0.016641| 0.012862| 1.007823),(-0.102801| 0.076239| 0.051520),(0.314760| 0.082856| 0.242481| 0.868366),(-0.114966| 0.072071| 0.063882),(-0.467447| -0.150586| -0.401456| -0.826455),(-0.032994| 0.039478| 0.021927),(0.132716| -0.001600| -0.038068| 0.960571),(-0.060059| 0.068546| 0.045972),(0.114262| 0.009545| -0.080340| 0.956256),(-0.078304| 0.082447| 0.064302),(0.318766| 0.070814| 0.120650| 0.900875),(-0.090231| 0.082195| 0.077240),(-0.458204| -0.111885| -0.252135| -0.891574),(-0.022471| 0.037150| 0.032746),(0.184657| -0.017197| -0.140209| 0.998553),(-0.040246| 0.064791| 0.056198),(0.169923| 0.015252| -0.213370| 1.011926),(-0.050583| 0.077648| 0.071405),(0.351441| 0.038423| -0.005761| 0.891247),(-0.059350| 0.079422| 0.081903),(-0.476432| -0.053658| -0.096801| -0.919784),undefined
0,(6027.038251),(-0.000074| -0.000026| -0.000304),(0.001551| 0.001332| 0.000566| 0.995005),(-0.032876| -0.004709| -0.001925),(0.626853| -0.552544| -0.084499| 0.501168),(-0.054129| -0.002950| -0.002545),(0.702506| -0.427853| 0.034904| 0.485151),(-0.087727| 0.001857| 0.003915),(0.681765| -0.342546| -0.202616| 0.579248),(-0.101755| 0.007018| 0.018195),(-0.573096| 0.172631| 0.545581| -0.658961),(-0.053119| 0.029833| 0.002826),(0.019659| -0.025817| 0.103856| 0.964275),(-0.093907| 0.054355| 0.019889),(0.026951| -0.023896| 0.116419| 0.973374),(-0.116355| 0.061880| 0.032999),(0.240658| 0.115401| 0.342338| 0.941702),(-0.126934| 0.058365| 0.043848),(-0.327598| -0.178966| -0.419934| -0.770979),(-0.043799| 0.037044| 0.012164),(0.097848| -0.030122| 0.029112| 1.000749),(-0.079919| 0.065534| 0.034424),(0.100384| -0.017132| 0.012041| 1.007905),(-0.102750| 0.076108| 0.051920),(0.313646| 0.081631| 0.240561| 0.869419),(-0.114912| 0.071976| 0.064294),(-0.466637| -0.149060| -0.399305| -0.828229),(-0.032972| 0.039398| 0.022115),(0.132486| -0.001416| -0.038419| 0.960589),(-0.060023| 0.068370| 0.046290),(0.113590| 0.009353| -0.080381| 0.956335),(-0.078259| 0.082232| 0.064672),(0.317708| 0.070153| 0.119579| 0.901444),(-0.090169| 0.081983| 0.077625),(-0.457085| -0.110966| -0.250526| -0.892717),(-0.022420| 0.037051| 0.032902),(0.184174| -0.016654| -0.140741| 0.998576),(-0.040192| 0.064602| 0.056462),(0.169066| 0.015327| -0.213017| 1.012143),(-0.050537| 0.077418| 0.071707),(0.350199| 0.038233| -0.006548| 0.891739),(-0.059288| 0.079192| 0.082218),(-0.474670| -0.053282| -0.095031| -0.920902),undefined
0,(8036.051002),(-0.000078| 0.000160| -0.000074),(0.000566| 0.001087| 0.000541| 0.995006),(-0.032873| -0.004718| -0.001890),(0.627306| -0.551785| -0.086559| 0.501087),(-0.054127| -0.002954| -0.002445),(0.702897| -0.427393| 0.032241| 0.485175),(-0.087716| 0.001846| 0.004102),(0.681664| -0.342084| -0.204602| 0.578941),(-0.101732| 0.006987| 0.018407),(-0.572545| 0.172261| 0.546728| -0.658586),(-0.053142| 0.029795| 0.002950),(0.020013| -0.025946| 0.103752| 0.964275),(-0.093902| 0.054279| 0.020134),(0.027089| -0.023877| 0.115522| 0.973477),(-0.116325| 0.061835| 0.033294),(0.240286| 0.114563| 0.340116| 0.942704),(-0.126910| 0.058369| 0.044155),(-0.327114| -0.177830| -0.417464| -0.772787),(-0.043810| 0.037004| 0.012277),(0.098051| -0.030077| 0.028833| 1.000739),(-0.079906| 0.065446| 0.034633),(0.100030| -0.017404| 0.011409| 1.007943),(-0.102720| 0.076049| 0.052162),(0.312712| 0.080917| 0.238590| 0.870365),(-0.114885| 0.071976| 0.064554),(-0.465691| -0.148182| -0.396756| -0.830142),(-0.032964| 0.039355| 0.022208),(0.132506| -0.001249| -0.038738| 0.960574),(-0.060010| 0.068259| 0.046469),(0.113452| 0.009181| -0.080197| 0.956368),(-0.078247| 0.082097| 0.064885),(0.316967| 0.069814| 0.118581| 0.901863),(-0.090144| 0.081867| 0.077851),(-0.456141| -0.110556| -0.248877| -0.893711),(-0.022386| 0.037004| 0.032970),(0.183993| -0.016305| -0.141190| 0.998552),(-0.040154| 0.064507| 0.056591),(0.168414| 0.015160| -0.212923| 1.012274),(-0.050499| 0.077319| 0.071850),(0.348887| 0.038083| -0.007775| 0.892249),(-0.059231| 0.079135| 0.082373),(-0.472213| -0.053040| -0.092112| -0.922473),undefined
0,(0),(-0.000204| 0.000207| 0.000024),(0.000411| 0.001385| 0.000561| 0.995006),(-0.032860| -0.004743| -0.001796),(0.627620| -0.551229| -0.088595| 0.500949),(-0.054116| -0.002975| -0.002275),(0.703249| -0.426924| 0.029295| 0.485265),(-0.087698| 0.001822| 0.004366),(0.681477| -0.341907| -0.206522| 0.578585),(-0.101715| 0.006951| 0.018689),(-0.572091| 0.172682| 0.547472| -0.658252),(-0.053151| 0.029746| 0.003112),(0.020239| -0.026295| 0.103577| 0.964280),(-0.093888| 0.054192| 0.020405),(0.027277| -0.024094| 0.114967| 0.973532),(-0.116304| 0.061796| 0.033606),(0.239016| 0.113004| 0.337168| 0.944273),(-0.126920| 0.058423| 0.044471),(-0.325540| -0.175926| -0.414016| -0.775736),(-0.043805| 0.036957| 0.012424),(0.098092| -0.030299| 0.028456| 1.000739),(-0.079874| 0.065367| 0.034863),(0.099606| -0.017872| 0.010718| 1.007985),(-0.102676| 0.076044| 0.052421),(0.310929| 0.079714| 0.235519| 0.871949),(-0.114866| 0.072096| 0.064838),(-0.463537| -0.146649| -0.392521| -0.833626),(-0.032939| 0.039311| 0.022333),(0.132353| -0.001374| -0.039172| 0.960578),(-0.059969| 0.068171| 0.046666),(0.113112| 0.008844| -0.080363| 0.956397),(-0.078190| 0.082042| 0.065110),(0.315233| 0.069080| 0.116196| 0.902836),(-0.090075| 0.081905| 0.078094),(-0.453902| -0.109655| -0.245284| -0.895952),(-0.022335| 0.036962| 0.033071),(0.183598| -0.016310| -0.141769| 0.998542),(-0.040093| 0.064428| 0.056745),(0.167870| 0.014875| -0.212934| 1.012367),(-0.050427| 0.077251| 0.072024),(0.347141| 0.037783| -0.009845| 0.892922),(-0.059131| 0.079130| 0.082564),(-0.469625| -0.052668| -0.088534| -0.924165),undefined
0,(2009.012750),(-0.000207| -0.000179| 0.000378),(-0.002060| -0.001150| -0.000420| 0.995004),(-0.032846| -0.004695| -0.001869),(0.627916| -0.551390| -0.085717| 0.500900),(-0.054100| -0.002905| -0.002301),(0.703468| -0.426385| 0.030448| 0.485351),(-0.087682| 0.001935| 0.004378),(0.682149| -0.342460| -0.204536| 0.578171),(-0.101721| 0.007103| 0.018679),(-0.574061| 0.175058| 0.545081| -0.657893),(-0.053135| 0.029808| 0.002946),(0.020930| -0.025134| 0.104029| 0.964248),(-0.093873| 0.054299| 0.020171),(0.028199| -0.022568| 0.115387| 0.973493),(-0.116296| 0.061956| 0.033353),(0.238984| 0.114549| 0.336653| 0.944279),(-0.126937| 0.058649| 0.044218),(-0.324860| -0.177149| -0.412982| -0.776294),(-0.043793| 0.037040| 0.012247),(0.098921| -0.029389| 0.029047| 1.000668),(-0.079879| 0.065494| 0.034604),(0.100733| -0.016943| 0.011621| 1.007878),(-0.102703| 0.076217| 0.052128),(0.310947| 0.080859| 0.235635| 0.871806),(-0.114914| 0.072333| 0.064547),(-0.462924| -0.148001| -0.392179| -0.833888),(-0.032933| 0.039416| 0.022157),(0.133258| -0.000736| -0.038640| 0.960474),(-0.059992| 0.068310| 0.046419),(0.114652| 0.009437| -0.079186| 0.956307),(-0.078244| 0.082205| 0.064832),(0.315670| 0.069967| 0.116742| 0.902545),(-0.090141| 0.082114| 0.077807),(-0.453821| -0.110812| -0.245549| -0.895777),(-0.022335| 0.037092| 0.032905),(0.184678| -0.015999| -0.141099| 0.998443),(-0.040130| 0.064592| 0.056517),(0.169921| 0.014949| -0.211336| 1.012358),(-0.050500| 0.077431| 0.071770),(0.347709| 0.038243| -0.009044| 0.892690),(-0.059213| 0.079343| 0.082297),(-0.469931| -0.053431| -0.089344| -0.923888),undefined
0,(4018.025501),(-0.000196| -0.000472| 0.000514),(-0.000033| -0.002341| -0.001068| 0.995004),(-0.032821| -0.004649| -0.001930),(0.627019| -0.552249| -0.082722| 0.501580),(-0.054070| -0.002805| -0.002409),(0.702219| -0.427401| 0.032926| 0.486104),(-0.087665| 0.002122| 0.004172),(0.682033| -0.343801| -0.201499| 0.578578),(-0.101759| 0.007335| 0.018411),(-0.576056| 0.176801| 0.542032| -0.658203),(-0.053076| 0.029887| 0.002781),(0.020017| -0.024483| 0.104436| 0.964241),(-0.093833| 0.054456| 0.019849),(0.027332| -0.021778| 0.115787| 0.973488),(-0.116282| 0.062155| 0.032955),(0.237630| 0.115094| 0.337917| 0.944103),(-0.126955| 0.058865| 0.043791),(-0.323573| -0.177563| -0.414680| -0.775831),(-0.043755| 0.037113| 0.012106),(0.098287| -0.028896| 0.029786| 1.000723),(-0.079861| 0.065673| 0.034291),(0.099548| -0.016767| 0.011707| 1.007998),(-0.102725| 0.076524| 0.051698),(0.308646| 0.080465| 0.235963| 0.872571),(-0.115001| 0.072729| 0.064076),(-0.460551| -0.147581| -0.393500| -0.834654),(-0.032924| 0.039483| 0.022050),(0.132968| -0.000367| -0.037790| 0.960549),(-0.060025| 0.068437| 0.046193),(0.114641| 0.009820| -0.078290| 0.956377),(-0.078321| 0.082392| 0.064527),(0.314338| 0.069862| 0.117746| 0.902887),(-0.090264| 0.082366| 0.077459),(-0.451879| -0.110482| -0.246874| -0.896437),(-0.022367| 0.037153| 0.032837),(0.184757| -0.015754| -0.140019| 0.998585),(-0.040188| 0.064707| 0.056362),(0.170249| 0.015399| -0.210720| 1.012424),(-0.050564| 0.077611| 0.071569),(0.346301| 0.038200| -0.008931| 0.893240),(-0.059290| 0.079600| 0.082068),(-0.468092| -0.053208| -0.089711| -0.924798),undefined
0,(6027.038251),(0.000294| -0.000433| 0.000528),(-0.001883| -0.002153| -0.000595| 0.995003),(-0.032847| -0.004654| -0.002048),(0.626954| -0.553201| -0.078420| 0.501305),(-0.054090| -0.002764| -0.002542),(0.701934| -0.427595| 0.035578| 0.486157),(-0.087692| 0.002246| 0.003984),(0.682718| -0.344943| -0.198406| 0.578159),(-0.101824| 0.007519| 0.018173),(-0.578583| 0.179364| 0.539158| -0.657654),(-0.053076| 0.029919| 0.002494),(0.020143| -0.023980| 0.104523| 0.964241),(-0.093867| 0.054595| 0.019320),(0.027048| -0.021630| 0.115744| 0.973504),(-0.116348| 0.062339| 0.032304),(0.237643| 0.116481| 0.339497| 0.943362),(-0.127046| 0.059046| 0.043109),(-0.323452| -0.179271| -0.416605| -0.774457),(-0.043781| 0.037156| 0.011837),(0.098736| -0.028722| 0.030207| 1.000672),(-0.079952| 0.065803| 0.033800),(0.100215| -0.016881| 0.012684| 1.007918),(-0.102883| 0.076668| 0.051081),(0.308999| 0.081226| 0.238266| 0.871750),(-0.115195| 0.072855| 0.063410),(-0.460561| -0.148894| -0.396661| -0.832917),(-0.032986| 0.039537| 0.021816),(0.133707| -0.000460| -0.037312| 0.960464),(-0.060172| 0.068549| 0.045794),(0.116316| 0.009638| -0.076835| 0.956295),(-0.078556| 0.082493| 0.064034),(0.315406| 0.070198| 0.120187| 0.902167),(-0.090553| 0.082453| 0.076913),(-0.452304| -0.111048| -0.249755| -0.895353),(-0.022476| 0.037219| 0.032651),(0.185921| -0.016229| -0.139281| 0.998464),(-0.040371| 0.064836| 0.056046),(0.172430| 0.014744| -0.209341| 1.012351),(-0.050815| 0.077754| 0.071187),(0.347544| 0.037953| -0.006803| 0.892786),(-0.059587| 0.079753| 0.081643),(0.468919| 0.053137| 0.092338| 0.924124),undefined
0,(8036.051002),(0.000258| -0.000026| 0.000133),(-0.000302| -0.000490| -0.000290| 0.995007),(-0.032818| -0.004650| -0.002007),(0.626593| -0.553852| -0.077144| 0.501234),(-0.054057| -0.002729| -0.002560),(0.701243| -0.428708| 0.037024| 0.486066),(-0.087669| 0.002341| 0.003869),(0.682532| -0.346369| -0.197031| 0.577996),(-0.101831| 0.007653| 0.018010),(-0.579153| 0.181031| 0.538235| -0.657451),(-0.053034| 0.029936| 0.002459),(0.019776| -0.024259| 0.104512| 0.964242),(-0.093832| 0.054636| 0.019222),(0.027392| -0.021220| 0.116134| 0.973457),(-0.116324| 0.062393| 0.032195),(0.237176| 0.116401| 0.339273| 0.943570),(-0.127044| 0.059135| 0.042989),(-0.322558| -0.178889| -0.416064| -0.775209),(-0.043750| 0.037175| 0.011811),(0.098458| -0.029128| 0.030304| 1.000684),(-0.079950| 0.065831| 0.033709),(0.100770| -0.016877| 0.013545| 1.007852),(-0.102915| 0.076713| 0.050964),(0.308089| 0.080730| 0.237994| 0.872192),(-0.115263| 0.072961| 0.063277),(-0.459035| -0.148184| -0.395985| -0.834207),(-0.032971| 0.039558| 0.021806),(0.133548| -0.000929| -0.037188| 0.960491),(-0.060194| 0.068579| 0.045729),(0.117016| 0.009425| -0.075972| 0.956281),(-0.078614| 0.082531| 0.063943),(0.314776| 0.069694| 0.120187| 0.902426),(-0.090634| 0.082544| 0.076801),(-0.450897| -0.110362| -0.249187| -0.896306),(-0.022481| 0.037243| 0.032661),(0.185880| -0.016830| -0.139076| 0.998490),(-0.040409| 0.064886| 0.056000),(0.172885| 0.014076| -0.208691| 1.012418),(-0.050880| 0.077821| 0.071113),(0.347029| 0.037322| -0.006626| 0.893015),(-0.059665| 0.079863| 0.081550),(0.467414| 0.052387| 0.091695| 0.924993),undefined
0,(0),(-0.000029| -0.000018| -0.000057),(-0.000214| 0.000282| 0.000023| 0.995007),(-0.032843| -0.004662| -0.002019),(0.626420| -0.554270| -0.076888| 0.501029),(-0.054079| -0.002725| -0.002604),(0.700929| -0.429396| 0.037458| 0.485879),(-0.087691| 0.002376| 0.003777),(0.682268| -0.347206| -0.196902| 0.577849),(-0.101856| 0.007713| 0.017901),(-0.578798| 0.181890| 0.538586| -0.657238),(-0.053054| 0.029927| 0.002401),(0.019582| -0.024744| 0.104350| 0.964252),(-0.093855| 0.054653| 0.019115),(0.027112| -0.021832| 0.116007| 0.973467),(-0.116351| 0.062424| 0.032061),(0.237006| 0.116022| 0.339214| 0.943681),(-0.127079| 0.059175| 0.042848),(-0.322297| -0.178588| -0.415862| -0.775495),(-0.043773| 0.037170| 0.011752),(0.098256| -0.029689| 0.030139| 1.000692),(-0.079987| 0.065835| 0.033608),(0.100824| -0.017488| 0.013888| 1.007831),(-0.102974| 0.076726| 0.050838),(0.307577| 0.080126| 0.237731| 0.872500),(-0.115340| 0.073006| 0.063141),(-0.458234| -0.147585| -0.395395| -0.835033),(-0.032998| 0.039557| 0.021751),(0.133358| -0.001516| -0.037364| 0.960510),(-0.060239| 0.068585| 0.045642),(0.117242| 0.008866| -0.075614| 0.956287),(-0.078679| 0.082547| 0.063838),(0.314229| 0.069058| 0.119780| 0.902719),(-0.090710| 0.082600| 0.076684),(-0.449837| -0.109638| -0.248205| -0.897199),(-0.022516| 0.037246| 0.032614),(0.185680| -0.017510| -0.139248| 0.998491),(-0.040456| 0.064909| 0.055918),(0.172732| 0.013207| -0.208631| 1.012467),(-0.050938| 0.077862| 0.071007),(0.346535| 0.036632| -0.006886| 0.893232),(-0.059727| 0.079940| 0.081434),(0.466009| 0.051627| 0.090413| 0.925871),undefined
0,(2009.012750),(0.000107| -0.000217| -0.000224),(0.000532| 0.000681| -0.000218| 0.995007),(-0.032816| -0.004667| -0.001906),(0.625926| -0.554651| -0.077771| 0.501088),(-0.054049| -0.002718| -0.002529),(0.700320| -0.430519| 0.037407| 0.485767),(-0.087664| 0.002407| 0.003802),(0.681630| -0.348199| -0.197191| 0.577907),(-0.101831| 0.007755| 0.017911),(-0.577922| 0.182423| 0.539200| -0.657358),(-0.053020| 0.029919| 0.002525),(0.019230| -0.025224| 0.104408| 0.964241),(-0.093809| 0.054658| 0.019244),(0.026411| -0.022739| 0.116002| 0.973466),(-0.116299| 0.062429| 0.032181),(0.236974| 0.115311| 0.339630| 0.943626),(-0.127019| 0.059167| 0.042970),(-0.322490| -0.177987| -0.416274| -0.775332),(-0.043731| 0.037158| 0.011871),(0.097815| -0.030167| 0.030123| 1.000722),(-0.079924| 0.065838| 0.033740),(0.100114| -0.018137| 0.013703| 1.007893),(-0.102900| 0.076757| 0.050967),(0.306972| 0.079261| 0.237191| 0.872939),(-0.115269| 0.073063| 0.063273),(-0.457837| -0.146613| -0.394777| -0.835714),(-0.032951| 0.039540| 0.021864),(0.132882| -0.001947| -0.037399| 0.960574),(-0.060166| 0.068582| 0.045763),(0.116404| 0.008308| -0.075883| 0.956373),(-0.078587| 0.082580| 0.063952),(0.313299| 0.068253| 0.119016| 0.903205),(-0.090614| 0.082674| 0.076800),(-0.448858| -0.108662| -0.247103| -0.898112),(-0.022465| 0.037223| 0.032723),(0.185085| -0.017913| -0.139340| 0.998582),(-0.040380| 0.064895| 0.056033),(0.171760| 0.012752| -0.208945| 1.012574),(-0.050843| 0.077861| 0.071119),(0.345883| 0.036069| -0.007325| 0.893505),(-0.059623| 0.079950| 0.081550),(0.465370| 0.050953| 0.089776| 0.926291),undefined
0,(4018.025501),(0.000048| -0.000349| -0.000016),(0.000269| 0.000068| -0.000424| 0.995007),(-0.032793| -0.004626| -0.001876),(0.625432| -0.555059| -0.077991| 0.501220),(-0.054022| -0.002658| -0.002574),(0.699530| -0.432011| 0.038624| 0.485484),(-0.087643| 0.002503| 0.003654),(0.681140| -0.349489| -0.196575| 0.577914),(-0.101820| 0.007873| 0.017734),(-0.577529| 0.183083| 0.539341| -0.657404),(-0.052978| 0.029967| 0.002561),(0.019053| -0.025263| 0.104539| 0.964228),(-0.093755| 0.054715| 0.019294),(0.026378| -0.022785| 0.116438| 0.973414),(-0.116244| 0.062479| 0.032238),(0.237010| 0.115060| 0.340057| 0.943494),(-0.126962| 0.059214| 0.043027),(-0.322495| -0.177610| -0.416565| -0.775260),(-0.043684| 0.037198| 0.011908),(0.097618| -0.030235| 0.030246| 1.000735),(-0.079852| 0.065892| 0.033798),(0.100090| -0.017968| 0.013763| 1.007897),(-0.102810| 0.076822| 0.051044),(0.306998| 0.079077| 0.237081| 0.872977),(-0.115175| 0.073137| 0.063356),(-0.457975| -0.146217| -0.394634| -0.835776),(-0.032900| 0.039572| 0.021899),(0.132701| -0.002015| -0.037278| 0.960603),(-0.060077| 0.068649| 0.045795),(0.115717| 0.008202| -0.076407| 0.956416),(-0.078465| 0.082701| 0.063977),(0.312702| 0.067894| 0.118380| 0.903523),(-0.090488| 0.082832| 0.076827),(-0.448405| -0.108166| -0.246479| -0.898570),(-0.022415| 0.037247| 0.032756),(0.184871| -0.017981| -0.139226| 0.998637),(-0.040303| 0.064929| 0.056072),(0.171394| 0.012760| -0.209071| 1.012610),(-0.050751| 0.077895| 0.071162),(0.346130| 0.035933| -0.006978| 0.893418),(-0.059530| 0.079963| 0.081595),(0.466224| 0.050743| 0.090805| 0.925773),undefined
0,(6027.038251),(0.000163| -0.000082| 0.000062),(0.001647| -0.000243| -0.001102| 0.995005),(-0.032862| -0.004556| -0.001982),(0.624114| -0.556140| -0.079572| 0.501416),(-0.054085| -0.002552| -0.002758),(0.698266| -0.434283| 0.039148| 0.485235),(-0.087703| 0.002655| 0.003381),(0.680284| -0.350640| -0.196832| 0.578140),(-0.101870| 0.008017| 0.017460),(-0.576781| 0.182175| 0.540180| -0.657625),(-0.052968| 0.030067| 0.002551),(0.018807| -0.025465| 0.104414| 0.964242),(-0.093701| 0.054834| 0.019363),(0.026530| -0.022924| 0.116990| 0.973341),(-0.116189| 0.062592| 0.032333),(0.236620| 0.113316| 0.340379| 0.943687),(-0.126927| 0.059330| 0.043104),(-0.322211| -0.175437| -0.417089| -0.775591),(-0.043658| 0.037248| 0.011921),(0.097377| -0.030374| 0.030128| 1.000759),(-0.079748| 0.065978| 0.033891),(0.099673| -0.017957| 0.013148| 1.007947),(-0.102674| 0.076981| 0.051165),(0.305890| 0.077368| 0.235789| 0.873868),(-0.115069| 0.073366| 0.063469),(-0.457007| -0.143570| -0.393492| -0.837301),(-0.032871| 0.039566| 0.021921),(0.132552| -0.002029| -0.037294| 0.960623),(-0.059951| 0.068692| 0.045861),(0.114245| 0.007919| -0.077748| 0.956487),(-0.078274| 0.082852| 0.064034),(0.311072| 0.066461| 0.116898| 0.904384),(-0.090302| 0.083063| 0.076879),(-0.447010| -0.106066| -0.245248| -0.899851),(-0.022392| 0.037185| 0.032772),(0.184712| -0.017785| -0.139277| 0.998662),(-0.040206| 0.064857| 0.056155),(0.170618| 0.013024| -0.209631| 1.012621),(-0.050613| 0.077822| 0.071268),(0.346000| 0.035260| -0.006831| 0.893495),(-0.059393| 0.079866| 0.081703),(0.467067| 0.049639| 0.092136| 0.925276),undefined
0,(8036.051002),(0.000510| -0.000062| 0.000067),(0.004425| -0.002561| -0.002904| 0.994990),(-0.032846| -0.004388| -0.002106),(0.620905| -0.557807| -0.080372| 0.503416),(-0.054062| -0.002350| -0.003009),(0.695247| -0.437356| 0.041429| 0.486620),(-0.087699| 0.002880| 0.002964),(0.678576| -0.351617| -0.194655| 0.580286),(-0.101906| 0.008199| 0.017009),(-0.576864| 0.179723| 0.537838| -0.660141),(-0.052848| 0.030279| 0.002549),(0.016405| -0.025083| 0.105529| 0.964174),(-0.093534| 0.055137| 0.019347),(0.023245| -0.023118| 0.117183| 0.973396),(-0.116046| 0.063006| 0.032250),(0.232030| 0.109781| 0.341181| 0.944954),(-0.126864| 0.059807| 0.042959),(-0.318738| -0.171261| -0.419307| -0.776762),(-0.043539| 0.037383| 0.011978),(0.095172| -0.029791| 0.031564| 1.000944),(-0.079554| 0.066187| 0.033976),(0.096594| -0.017327| 0.013045| 1.008259),(-0.102470| 0.077375| 0.051217),(0.300835| 0.074271| 0.234803| 0.876154),(-0.114963| 0.073937| 0.063478),(-0.451576| -0.138359| -0.393083| -0.841308),(-0.032772| 0.039616| 0.022019),(0.130818| -0.001190| -0.035571| 0.960928),(-0.059773| 0.068774| 0.046005),(0.111489| 0.009046| -0.077714| 0.956804),(-0.078041| 0.083065| 0.064168),(0.306790| 0.064804| 0.116583| 0.906006),(-0.090101| 0.083411| 0.076987),(-0.442100| -0.102692| -0.245099| -0.902704),(-0.022330| 0.037145| 0.032886),(0.183231| -0.016429| -0.137410| 0.999217),(-0.040062| 0.064801| 0.056344),(0.168207| 0.015223| -0.209567| 1.013008),(-0.050386| 0.077833| 0.071481),(0.342135| 0.034811| -0.007492| 0.894995),(-0.059146| 0.079986| 0.081918),(0.461724| 0.047820| 0.090428| 0.928217),undefined
0,(0),(0.000191| -0.000057| -0.000328),(0.004817| 0.001957| -0.004717| 0.994982),(-0.032756| -0.004105| -0.001918),(0.615649| -0.562884| -0.085628| 0.503353),(-0.053951| -0.001912| -0.002935),(0.690473| -0.445788| 0.039420| 0.485931),(-0.087596| 0.003513| 0.002849),(0.674822| -0.358729| -0.195205| 0.580127),(-0.101874| 0.008843| 0.016818),(-0.575124| 0.183708| 0.536989| -0.661253),(-0.052534| 0.030637| 0.002991),(0.015188| -0.027798| 0.106792| 0.963980),(-0.092826| 0.056071| 0.019875),(0.016343| -0.025865| 0.106194| 0.974728),(-0.115118| 0.064835| 0.032692),(0.223954| 0.099340| 0.325878| 0.953422),(-0.126135| 0.062242| 0.043360),(-0.313036| -0.159001| -0.405837| -0.788750),(-0.043174| 0.037628| 0.012460),(0.093710| -0.032571| 0.032675| 1.000960),(-0.078857| 0.066692| 0.034633),(0.092413| -0.019699| 0.009023| 1.008651),(-0.101580| 0.078429| 0.051906),(0.294085| 0.066014| 0.225846| 0.881445),(-0.114197| 0.075500| 0.064177),(-0.445156| -0.126673| -0.382727| -0.851286),(-0.032390| 0.039720| 0.022515),(0.129489| -0.003619| -0.034359| 0.961145),(-0.059168| 0.068910| 0.046702),(0.109443| 0.007101| -0.077343| 0.957088),(-0.077293| 0.083374| 0.064936),(0.302322| 0.058740| 0.113362| 0.908328),(-0.089351| 0.083980| 0.077754),(-0.436359| -0.093879| -0.239575| -0.907924),(-0.021963| 0.037101| 0.033363),(0.181513| -0.018483| -0.136378| 0.999636),(-0.039517| 0.064730| 0.056981),(0.165124| 0.012763| -0.208383| 1.013793),(-0.049736| 0.077859| 0.072148),(0.336174| 0.029457| -0.010375| 0.897414),(-0.058443| 0.080247| 0.082587),(0.452183| 0.040331| 0.083048| 0.933942),undefined
0,(2009.012750),(0.000160| 0.000379| 0.000408),(0.004962| -0.003411| -0.008925| 0.994950),(-0.033033| -0.003477| -0.002412),(0.606388| -0.573152| -0.089717| 0.502296),(-0.054165| -0.000860| -0.003702),(0.682044| -0.460826| 0.041354| 0.483639),(-0.087820| 0.005125| 0.001606),(0.671357| -0.372023| -0.190125| 0.577454),(-0.102298| 0.010533| 0.015357),(0.580517| -0.192553| -0.529790| 0.659829),(-0.052105| 0.031545| 0.002921),(0.016313| -0.028528| 0.105198| 0.964115),(-0.091425| 0.058657| 0.019368),(-0.002510| -0.033323| 0.074842| 0.977542),(-0.113242| 0.069774| 0.031365),(0.199907| 0.078264| 0.288754| 0.972504),(-0.124792| 0.068721| 0.041722),(-0.294873| -0.136043| -0.376537| -0.814164),(-0.042639| 0.038239| 0.012513),(0.095264| -0.033875| 0.031434| 1.000809),(-0.077424| 0.068429| 0.034519),(0.080177| -0.024922| -0.009488| 1.009578),(-0.099666| 0.082095| 0.051309),(0.273144| 0.049562| 0.199117| 0.895592),(-0.112687| 0.080718| 0.063429),(-0.425318| -0.104725| -0.357262| -0.875144),(-0.031873| 0.039960| 0.022662),(0.131904| -0.004834| -0.034971| 0.960789),(-0.058066| 0.069578| 0.046936),(0.105952| 0.004053| -0.082765| 0.957045),(-0.075883| 0.084679| 0.065012),(0.296029| 0.049208| 0.107305| 0.911696),(-0.088030| 0.085809| 0.077714),(-0.429283| -0.080136| -0.233992| -0.914050),(-0.021566| 0.036952| 0.033529),(0.184341| -0.019412| -0.136914| 0.999027),(-0.038598| 0.064706| 0.057366),(0.164372| 0.011540| -0.211916| 1.013198),(-0.048496| 0.078139| 0.072540),(0.330064| 0.022423| -0.017218| 0.899777),(-0.057138| 0.080883| 0.082942),(0.446628| 0.030038| 0.077587| 0.937466),undefined
0,(4018.025501),(-0.000111| 0.000413| 0.001036),(-0.000574| -0.000888| -0.011850| 0.994937),(-0.032942| -0.002694| -0.002568),(0.595512| -0.584851| -0.086490| 0.502387),(-0.054014| 0.000266| -0.004080),(0.671982| -0.476403| 0.048078| 0.482009),(-0.087658| 0.006799| 0.000803),(0.665034| -0.389143| -0.180895| 0.576451),(-0.102299| 0.012460| 0.014305),(0.581797| -0.210261| -0.519475| 0.661495),(-0.051490| 0.032595| 0.002758),(0.016309| -0.028519| 0.109249| 0.963666),(-0.090107| 0.060900| 0.018719),(-0.015513| -0.038644| 0.062675| 0.978083),(-0.111566| 0.073625| 0.030006),(0.180146| 0.063257| 0.268164| 0.983294),(-0.123439| 0.073829| 0.040072),(-0.277097| -0.118853| -0.357300| -0.831583),(-0.041920| 0.039151| 0.012344),(0.095277| -0.035439| 0.035759| 1.000609),(-0.075953| 0.070381| 0.033991),(0.069673| -0.029466| -0.017753| 1.010123),(-0.097703| 0.085717| 0.050283),(0.254596| 0.037383| 0.180228| 0.905592),(-0.110928| 0.085821| 0.062288),(-0.405311| -0.088039| -0.334981| -0.895062),(-0.031141| 0.040697| 0.022507),(0.132550| -0.007163| -0.030770| 0.960830),(-0.056699| 0.071001| 0.046565),(0.099747| 0.000755| -0.086033| 0.957432),(-0.074031| 0.087131| 0.064358),(0.284934| 0.040888| 0.097781| 0.916699),(-0.086134| 0.089202| 0.077001),(-0.416697| -0.068683| -0.221746| -0.923807),(-0.020904| 0.037514| 0.033391),(0.184871| -0.022800| -0.132468| 0.999457),(-0.037263| 0.065734| 0.057099),(0.157797| 0.009380| -0.217409| 1.013101),(-0.046544| 0.079840| 0.072136),(0.319246| 0.016450| -0.028855| 0.903504),(-0.054923| 0.083292| 0.082556),(0.433529| 0.021618| 0.062022| 0.944976),undefined
0,(6027.038251),(-0.000378| -0.000245| 0.001155),(-0.003907| -0.005902| -0.008376| 0.994947),(-0.033191| -0.002239| -0.003137),(0.587128| -0.594656| -0.077045| 0.502283),(-0.054178| 0.001111| -0.004984),(0.662933| -0.488730| 0.059964| 0.480864),(-0.087758| 0.008311| -0.000636),(0.660693| -0.402876| -0.170069| 0.575304),(-0.102480| 0.014330| 0.012623),(0.585259| -0.224856| -0.511006| 0.660237),(-0.051177| 0.033391| 0.001883),(0.016451| -0.026533| 0.109276| 0.963717),(-0.089348| 0.062689| 0.017066),(-0.022853| -0.041754| 0.056267| 0.978200),(-0.110680| 0.076388| 0.027607),(0.167504| 0.055513| 0.260327| 0.988090),(-0.122819| 0.077299| 0.037339),(0.265587| 0.110603| 0.352492| 0.838501),(-0.041572| 0.039817| 0.011517),(0.096096| -0.035194| 0.036629| 1.000507),(-0.075104| 0.072018| 0.032489),(0.064141| -0.032372| -0.023467| 1.010284),(-0.096606| 0.088523| 0.048152),(0.243064| 0.030655| 0.171184| 0.910754),(-0.110034| 0.089592| 0.059915),(-0.391401| -0.078898| -0.325630| -0.905495),(-0.030850| 0.041215| 0.021763),(0.134451| -0.008037| -0.029668| 0.960593),(-0.055934| 0.072288| 0.045305),(0.096658| -0.001422| -0.090702| 0.957317),(-0.072947| 0.089306| 0.062656),(0.278202| 0.036140| 0.091931| 0.919568),(-0.085092| 0.092106| 0.075138),(0.408088| 0.062221| 0.215462| 0.929578),(-0.020765| 0.037897| 0.032749),(0.187594| -0.025130| -0.130742| 0.999121),(-0.036565| 0.066703| 0.056076),(0.154309| 0.007744| -0.225757| 1.011826),(-0.045321| 0.081485| 0.070839),(0.311782| 0.012666| -0.039244| 0.905777),(-0.053511| 0.085605| 0.081187),(0.422770| 0.016344| 0.048495| 0.950731),undefined
0,(8036.051002),(-0.000107| -0.000018| 0.001155),(-0.003637| -0.009700| -0.012311| 0.994877),(-0.033240| -0.001516| -0.003926),(0.575631| -0.606045| -0.062152| 0.504037),(-0.054141| 0.002132| -0.006183),(0.651649| -0.500958| 0.078478| 0.481038),(-0.087665| 0.009865| -0.002455),(0.655365| -0.415728| -0.153123| 0.577012),(-0.102475| 0.016191| 0.010556),(0.589274| -0.237493| -0.496778| 0.663093),(-0.050626| 0.034489| 0.000669),(0.014856| -0.022959| 0.112658| 0.963445),(-0.088408| 0.064748| 0.014902),(-0.030347| -0.042702| 0.055470| 0.978001),(-0.109655| 0.079073| 0.024730),(0.161729| 0.053700| 0.267934| 0.987119),(-0.121969| 0.080173| 0.034218),(0.264145| 0.109725| 0.366580| 0.833012),(-0.041027| 0.040786| 0.010392),(0.095484| -0.033706| 0.041486| 1.000427),(-0.074083| 0.074012| 0.030489),(0.057486| -0.033845| -0.025462| 1.010588),(-0.095366| 0.091415| 0.045466),(0.237476| 0.027299| 0.175262| 0.911559),(-0.108967| 0.092894| 0.056981),(-0.388505| -0.074835| -0.337245| -0.902832),(-0.030410| 0.042043| 0.020766),(0.135453| -0.007961| -0.024473| 0.960600),(-0.055049| 0.073958| 0.043622),(0.092585| -0.002563| -0.092150| 0.957578),(-0.071800| 0.091711| 0.060457),(0.275941| 0.033028| 0.096963| 0.919850),(-0.084056| 0.094880| 0.072752),(0.406777| 0.057705| 0.225115| 0.928155),(-0.020524| 0.038611| 0.031899),(0.189864| -0.026750| -0.124440| 0.999455),(-0.035797| 0.068043| 0.054734),(0.151108| 0.007221| -0.230356| 1.011275),(-0.044099| 0.083388| 0.069190),(0.309756| 0.009370| -0.038882| 0.906528),(-0.052240| 0.087853| 0.079440),(0.423565| 0.011382| 0.054450| 0.950126),undefined
0,(0),(0.000204| 0.001069| -0.000621),(0.002482| -0.005575| -0.008388| 0.994954),(-0.033345| -0.001222| -0.004110),(0.564747| -0.615498| -0.057417| 0.505456),(-0.054189| 0.002633| -0.006573),(0.642885| -0.509492| 0.085679| 0.482638),(-0.087661| 0.010690| -0.003129),(0.649979| -0.422669| -0.146465| 0.579783),(-0.102509| 0.017143| 0.009794),(0.589737| -0.242091| -0.489417| 0.666486),(-0.050150| 0.035118| 0.000329),(0.010893| -0.023389| 0.112685| 0.963485),(-0.087581| 0.066121| 0.013877),(-0.039772| -0.047319| 0.053113| 0.977581),(-0.108770| 0.080827| 0.023166),(0.156187| 0.048644| 0.275551| 0.986175),(-0.121215| 0.081895| 0.032485),(0.263732| 0.106072| 0.381063| 0.827096),(-0.040560| 0.041242| 0.010168),(0.092026| -0.035318| 0.042382| 1.000658),(-0.073116| 0.075345| 0.029566),(0.045863| -0.039194| -0.031973| 1.010804),(-0.094176| 0.093450| 0.043913),(0.231242| 0.020775| 0.179225| 0.912562),(-0.107939| 0.095054| 0.055201),(-0.387066| -0.067610| -0.351121| -0.898721),(-0.030036| 0.042321| 0.020661),(0.133252| -0.010094| -0.023058| 0.960922),(-0.054194| 0.074929| 0.043014),(0.083607| -0.006040| -0.098027| 0.957805),(-0.070670| 0.093263| 0.059418),(0.272236| 0.027350| 0.100369| 0.920774),(-0.083049| 0.096575| 0.071563),(0.406334| 0.050418| 0.235320| 0.926240),(-0.020317| 0.038736| 0.031895),(0.188355| -0.029548| -0.122467| 0.999905),(-0.035058| 0.068637| 0.054413),(0.142560| 0.005567| -0.238864| 1.010553),(-0.042938| 0.084399| 0.068635),(0.306334| 0.004406| -0.039557| 0.907698),(-0.051092| 0.089011| 0.078818),(0.425079| 0.004173| 0.061574| 0.949073),undefined
0,(2009.012750),(-0.000366| 0.001133| -0.001312),(0.001356| -0.006388| -0.019933| 0.994786),(-0.033806| -0.000409| -0.004393),(0.537949| -0.641631| -0.052243| 0.502741),(-0.054477| 0.004280| -0.006970),(0.622637| -0.533644| 0.089396| 0.482410),(-0.087727| 0.013600| -0.003827),(0.636389| -0.447846| -0.137572| 0.578133),(-0.102721| 0.020542| 0.008835),(0.592349| -0.270207| -0.472008| 0.665919),(-0.048885| 0.036797| -0.000108),(0.008152| -0.027748| 0.108730| 0.963850),(-0.085160| 0.069569| 0.012600),(-0.046117| -0.053517| 0.049778| 0.977158),(-0.106000| 0.085077| 0.021350),(0.156571| 0.037644| 0.284768| 0.983976),(-0.118598| 0.086254| 0.030477),(0.271009| 0.094826| 0.399398| 0.817402),(-0.039231| 0.042400| 0.009979),(0.089844| -0.043213| 0.039582| 1.000661),(-0.070306| 0.078336| 0.028552),(0.036575| -0.048044| -0.043393| 1.010375),(-0.090587| 0.097961| 0.042200),(0.223192| 0.004540| 0.173815| 0.915833),(-0.104542| 0.100473| 0.053175),(-0.380303| -0.045027| -0.351071| -0.903032),(-0.028872| 0.042943| 0.020692),(0.133222| -0.019520| -0.024917| 0.960735),(-0.051609| 0.076987| 0.042393),(0.075659| -0.015013| -0.109906| 0.957078),(-0.067157| 0.096846| 0.058173),(0.259690| 0.009348| 0.088431| 0.925965),(-0.079539| 0.101414| 0.070014),(0.390961| 0.025890| 0.223379| 0.936764),(-0.019516| 0.038911| 0.032086),(0.189066| -0.041281| -0.123629| 0.999212),(-0.033043| 0.069615| 0.054287),(0.139686| -0.003951| -0.248266| 1.008694),(-0.040106| 0.086138| 0.068258),(0.296476| -0.012529| -0.050229| 0.910364),(-0.048059| 0.091548| 0.078284),(0.413381| -0.018543| 0.051882| 0.954632),undefined
0,(4018.025501),(-0.001136| 0.000873| -0.001786),(-0.007556| -0.013271| -0.039451| 0.994108),(-0.033075| 0.002156| -0.005787),(0.498110| -0.672924| -0.025565| 0.504940),(-0.053544| 0.007843| -0.008014),(0.592540| -0.561601| 0.102900| 0.485876),(-0.086424| 0.018725| -0.004611),(0.613959| -0.482035| -0.113259| 0.580164),(-0.101431| 0.026417| 0.007837),(0.591024| -0.315960| -0.434899| 0.672198),(-0.046312| 0.040179| -0.002005),(0.007116| -0.022044| 0.123631| 0.962209),(-0.081391| 0.074578| 0.009957),(-0.042852| -0.044595| 0.073107| 0.976287),(-0.101877| 0.090463| 0.018562),(0.169963| 0.042182| 0.321108| 0.970286),(-0.114453| 0.091519| 0.027720),(0.287403| 0.094908| 0.435960| 0.792738),(-0.036575| 0.045392| 0.008215),(0.089216| -0.043407| 0.057039| 0.999866),(-0.066105| 0.083061| 0.025900),(0.035743| -0.046496| -0.028371| 1.011011),(-0.085639| 0.103610| 0.039072),(0.229077| -0.001123| 0.199878| 0.909047),(-0.099656| 0.106449| 0.049898),(-0.387786| -0.032807| -0.383009| -0.887258),(-0.026381| 0.045535| 0.019105),(0.135267| -0.023563| -0.007343| 0.960653),(-0.047631| 0.081023| 0.039994),(0.075263| -0.017398| -0.097944| 0.958366),(-0.062266| 0.102105| 0.055168),(0.255906| -0.002325| 0.102995| 0.925558),(-0.074566| 0.107640| 0.066730),(0.385667| 0.007697| 0.241190| 0.934867),(-0.017390| 0.041181| 0.030674),(0.191807| -0.049915| -0.103960| 1.000535),(-0.029829| 0.072718| 0.052406),(0.148499| -0.011914| -0.227449| 1.012275),(-0.036411| 0.089702| 0.066138),(0.298501| -0.028213| -0.028315| 0.910297),(-0.044339| 0.095515| 0.075976),(0.417122| -0.040631| 0.083159| 0.950096),undefined
0,(6027.038251),(-0.000259| -0.001278| 0.000225),(-0.013385| -0.018239| -0.030883| 0.994270),(-0.032981| 0.003971| -0.007634),(0.459202| -0.699852| 0.007243| 0.505814),(-0.053017| 0.011109| -0.009691),(0.559614| -0.587811| 0.116176| 0.490894),(-0.085187| 0.024344| -0.006408),(0.589293| -0.518504| -0.089546| 0.578439),(-0.100102| 0.033282| 0.005545),(0.588483| -0.370012| -0.400786| 0.668040),(-0.044054| 0.042812| -0.004912),(0.005441| -0.015835| 0.126457| 0.961975),(-0.077352| 0.079500| 0.005068),(-0.050862| -0.040742| 0.071831| 0.976166),(-0.097095| 0.096773| 0.012416),(0.162785| 0.042267| 0.330862| 0.968234),(-0.109847| 0.098577| 0.021126),(0.284449| 0.093399| 0.453720| 0.783968),(-0.034329| 0.047676| 0.005492),(0.088345| -0.043500| 0.063230| 0.999567),(-0.061967| 0.087494| 0.021332),(0.031144| -0.047908| -0.028765| 1.011086),(-0.080599| 0.109223| 0.033330),(0.232127| -0.005630| 0.221000| 0.903350),(-0.094799| 0.112385| 0.043714),(-0.393875| -0.025617| -0.418602| -0.868537),(-0.024461| 0.047466| 0.016678),(0.137402| -0.028134| -0.000087| 0.960256),(-0.044053| 0.084641| 0.036158),(0.077317| -0.020720| -0.097153| 0.958217),(-0.057758| 0.106823| 0.050431),(0.259126| -0.011220| 0.117351| 0.922884),(-0.070110| 0.113011| 0.061571),(0.388996| -0.005196| 0.264878| 0.927061),(-0.016064| 0.042842| 0.028588),(0.195480| -0.059976| -0.094054| 1.000252),(-0.027351| 0.075445| 0.049390),(0.160468| -0.022685| -0.217221| 1.012511),(-0.033492| 0.092918| 0.062663),(0.305106| -0.043746| -0.009381| 0.907882),(-0.041557| 0.099031| 0.072163),(0.427951| -0.061561| 0.118938| 0.940299),undefined
0,(8036.051002),(0.000038| -0.001688| 0.000258),(-0.016547| -0.020366| -0.030478| 0.994194),(-0.032509| 0.005528| -0.009138),(0.419038| -0.722426| 0.046100| 0.506895),(-0.052012| 0.014016| -0.011168),(0.526073| -0.610212| 0.135462| 0.495684),(-0.083363| 0.029453| -0.008277),(0.563346| -0.552612| -0.058143| 0.576716),(-0.098176| 0.039627| 0.002991),(0.583218| -0.423792| -0.358832| 0.664548),(-0.041493| 0.044957| -0.007727),(0.003739| -0.008432| 0.130293| 0.961563),(-0.072832| 0.083765| -0.000011),(-0.057765| -0.034038| 0.068028| 0.976311),(-0.091582| 0.102540| 0.005927),(0.151720| 0.045254| 0.332669| 0.969276),(-0.104458| 0.105487| 0.014068),(0.272774| 0.093355| 0.459436| 0.784793),(-0.031850| 0.049580| 0.002855),(0.087261| -0.042557| 0.071176| 0.999168),(-0.057436| 0.091427| 0.016467),(0.025280| -0.048527| -0.031374| 1.011142),(-0.074936| 0.114512| 0.026991),(0.228838| -0.008400| 0.237014| 0.900101),(-0.089275| 0.118401| 0.036805),(-0.389722| -0.020982| -0.446336| -0.856643),(-0.022377| 0.049138| 0.014367),(0.139224| -0.032114| 0.009208| 0.959824),(-0.040417| 0.087854| 0.032177),(0.080956| -0.024442| -0.092835| 0.958257),(-0.053327| 0.110950| 0.045393),(0.262479| -0.018673| 0.137454| 0.919033),(-0.065800| 0.117679| 0.055995),(0.391239| -0.015294| 0.295696| 0.916628),(-0.014658| 0.044370| 0.026669),(0.198851| -0.069913| -0.081425| 1.000050),(-0.025040| 0.077954| 0.046395),(0.176721| -0.034976| -0.199012| 1.013198),(-0.031108| 0.095678| 0.059186),(0.317614| -0.059455| 0.023485| 0.902428),(-0.039618| 0.101654| 0.068243),(0.449505| -0.082854| 0.182029| 0.918252),undefined
0,(0),(0.000454| -0.001699| -0.000553),(-0.020214| -0.009036| -0.020512| 0.994550),(-0.033075| 0.005848| -0.009350),(0.379031| -0.744078| 0.081264| 0.502631),(-0.051824| 0.015798| -0.011694),(0.491867| -0.633539| 0.151463| 0.496908),(-0.082071| 0.033706| -0.009915),(0.532585| -0.592260| -0.027125| 0.568832),(-0.096741| 0.045454| 0.000119),(0.567902| -0.489554| -0.318236| 0.653206),(-0.039628| 0.045685| -0.009869),(-0.000674| -0.010200| 0.120551| 0.962824),(-0.068045| 0.086944| -0.005612),(-0.081507| -0.043673| 0.038922| 0.975828),(-0.084996| 0.107844| -0.002266),(0.122947| 0.036455| 0.305863| 0.982464),(-0.097863| 0.112755| 0.004790),(0.243732| 0.085998| 0.436890| 0.807730),(-0.030015| 0.050195| 0.000784),(0.082326| -0.051289| 0.064710| 0.999617),(-0.052960| 0.094238| 0.011274),(0.010053| -0.062969| -0.048111| 1.009954),(-0.068816| 0.119316| 0.019454),(0.206828| -0.020291| 0.223894| 0.908559),(-0.083099| 0.125177| 0.028278),(0.360470| 0.010067| 0.433416| 0.876064),(-0.020963| 0.049662| 0.012614),(0.136283| -0.045846| 0.004172| 0.959724),(-0.037105| 0.090078| 0.028222),(0.082082| -0.039333| -0.098418| 0.957108),(-0.048927| 0.114422| 0.040029),(0.255960| -0.033066| 0.133902| 0.920988),(-0.061185| 0.122489| 0.049874),(0.376672| -0.029942| 0.289115| 0.924435),(-0.014005| 0.044938| 0.025377),(0.195997| -0.090719| -0.083654| 0.998758),(-0.022818| 0.079889| 0.043332),(0.178484| -0.059296| -0.204564| 1.010648),(-0.028045| 0.098482| 0.055145),(0.311406| -0.080716| 0.021401| 0.902991),(-0.036367| 0.105360| 0.063634),(0.440598| -0.104830| 0.188131| 0.919093),undefined
0,(2009.012750),(0.000062| -0.000138| -0.000067),(-0.009739| -0.008751| -0.015461| 0.994801),(-0.032808| 0.006600| -0.009889),(0.351899| -0.755217| 0.102801| 0.501803),(-0.051127| 0.017183| -0.012686),(0.468289| -0.646416| 0.169461| 0.497291),(-0.080840| 0.036161| -0.012060),(0.511731| -0.614245| 0.003432| 0.565283),(-0.095631| 0.048650| -0.003077),(0.558172| -0.526262| -0.279663| 0.650699),(-0.038019| 0.046557| -0.011427),(-0.004316| -0.009440| 0.118749| 0.963046),(-0.064828| 0.088909| -0.009011),(-0.093166| -0.045886| 0.030611| 0.974979),(-0.080801| 0.110780| -0.007094),(0.102437| 0.031915| 0.294061| 0.988559),(-0.093588| 0.116864| -0.000821),(0.218933| 0.079882| 0.423099| 0.822664),(-0.028451| 0.050963| -0.000694),(0.078282| -0.054464| 0.065330| 0.999733),(-0.049855| 0.096041| 0.008112),(0.001843| -0.068188| -0.052828| 1.009427),(-0.064632| 0.122224| 0.014972),(0.189675| -0.026426| 0.214656| 0.914354),(-0.078701| 0.129462| 0.023113),(0.335544| 0.002490| 0.419498| 0.892638),(-0.019676| 0.050365| 0.011330),(0.133579| -0.051992| 0.005854| 0.959782),(-0.034655| 0.091588| 0.025846),(0.084677| -0.044245| -0.098752| 0.956633),(-0.045653| 0.116627| 0.037017),(0.250646| -0.039646| 0.130007| 0.922747),(-0.057586| 0.125574| 0.046458),(0.366341| -0.037919| 0.282574| 0.930298),(-0.013202| 0.045663| 0.024349),(0.193391| -0.100705| -0.079924| 0.998614),(-0.020878| 0.081280| 0.041340),(0.177304| -0.069088| -0.210430| 1.009028),(-0.025244| 0.100383| 0.052634),(0.305079| -0.090571| 0.015987| 0.904328),(-0.033209| 0.107936| 0.060854),(0.430175| -0.115871| 0.182480| 0.923831),undefined
0,(4018.025501),(-0.001113| 0.000608| -0.000436),(-0.010206| -0.015416| -0.022686| 0.994576),(-0.032074| 0.007670| -0.010566),(0.316136| -0.764926| 0.130054| 0.504570),(-0.050011| 0.018736| -0.013881),(0.439585| -0.656508| 0.197195| 0.500039),(-0.079216| 0.038561| -0.014351),(0.487105| -0.631065| 0.039470| 0.567142),(-0.094002| 0.051665| -0.006227),(0.545054| -0.554356| -0.237668| 0.655170),(-0.035747| 0.047731| -0.013145),(-0.008881| -0.002996| 0.122021| 0.962647),(-0.061131| 0.091031| -0.012394),(-0.098507| -0.039087| 0.038100| 0.974486),(-0.076470| 0.113543| -0.011609),(0.084776| 0.034937| 0.296425| 0.989423),(-0.089177| 0.120608| -0.006105),(0.191961| 0.078168| 0.417487| 0.832375),(-0.026264| 0.051998| -0.002286),(0.073098| -0.052470| 0.071995| 0.999775),(-0.046284| 0.098001| 0.004969),(-0.000878| -0.066522| -0.043011| 1.010006),(-0.060251| 0.125079| 0.010685),(0.172422| -0.027898| 0.215045| 0.917629),(-0.074061| 0.133623| 0.018081),(0.306737| -0.001879| 0.412536| 0.906145),(-0.017798| 0.051330| 0.009951),(0.130065| -0.053782| 0.013902| 0.960083),(-0.031581| 0.093373| 0.023267),(0.086725| -0.045962| -0.089901| 0.957241),(-0.041668| 0.119335| 0.033584),(0.235279| -0.043849| 0.126232| 0.927116),(-0.053025| 0.129657| 0.042383),(0.338700| -0.044218| 0.268190| 0.944642),(-0.011817| 0.046685| 0.023222),(0.189996| -0.106695| -0.069011| 0.999457),(-0.018679| 0.082862| 0.039409),(0.186261| -0.076622| -0.194576| 1.010052),(-0.022746| 0.102238| 0.050395),(0.303095| -0.098756| 0.029555| 0.903797),(-0.030596| 0.110198| 0.058320),(0.422807| -0.125999| 0.199843| 0.922314),undefined
0,(6027.038251),(-0.000790| 0.000599| 0.000308),(-0.015222| -0.015717| -0.013528| 0.994675),(-0.031313| 0.008429| -0.012353),(0.300118| -0.764462| 0.157430| 0.507250),(-0.049081| 0.019683| -0.015922),(0.427831| -0.655181| 0.222611| 0.501303),(-0.078030| 0.039859| -0.016836),(0.479488| -0.633283| 0.066263| 0.568662),(-0.092729| 0.053226| -0.008987),(0.545227| -0.562845| -0.209908| 0.657267),(-0.034310| 0.048492| -0.015583),(-0.004095| 0.007419| 0.127046| 0.962005),(-0.059119| 0.092161| -0.015793),(-0.090484| -0.027889| 0.045596| 0.975327),(-0.074258| 0.114831| -0.015467),(0.088409| 0.048366| 0.305729| 0.985701),(-0.086961| 0.122129| -0.010230),(0.190530| 0.090164| 0.424474| 0.827945),(-0.024934| 0.052758| -0.004631),(0.078230| -0.044647| 0.080328| 0.999131),(-0.044523| 0.099119| 0.001726),(0.009405| -0.059288| -0.030690| 1.010862),(-0.058344| 0.126446| 0.006903),(0.173356| -0.019623| 0.224604| 0.915376),(-0.072113| 0.135413| 0.013920),(0.300355| 0.007280| 0.419480| 0.905068),(-0.016676| 0.052129| 0.007748),(0.136190| -0.048817| 0.023450| 0.959313),(-0.030102| 0.094538| 0.020309),(0.097766| -0.042270| -0.078380| 0.957360),(-0.039958| 0.120859| 0.030126),(0.235822| -0.038838| 0.133184| 0.926230),(-0.051117| 0.131736| 0.038529),(0.332172| -0.038326| 0.271079| 0.946390),(-0.010984| 0.047584| 0.021180),(0.197197| -0.104580| -0.056578| 0.999066),(-0.017642| 0.084057| 0.036818),(0.201084| -0.077156| -0.178495| 1.010138),(-0.021739| 0.103563| 0.047569),(0.309915| -0.097512| 0.046670| 0.900893),(-0.029630| 0.111698| 0.055281),(0.424061| -0.123248| 0.218571| 0.917851),undefined
0,(8036.051002),(0.000010| -0.000334| 0.001011),(-0.008071| -0.009969| -0.004049| 0.994917),(-0.032340| 0.007861| -0.012042),(0.270099| -0.773336| 0.179338| 0.503383),(-0.049658| 0.019548| -0.016358),(0.407889| -0.660240| 0.240128| 0.503201),(-0.077833| 0.040607| -0.018233),(0.465091| -0.640338| 0.073589| 0.571807),(-0.091967| 0.054584| -0.010579),(0.536380| -0.570692| -0.213807| 0.656522),(-0.033497| 0.047876| -0.016892),(-0.018476| -0.001310| 0.110689| 0.963883),(-0.056773| 0.092371| -0.019688),(-0.098491| -0.035064| 0.037106| 0.974680),(-0.071507| 0.115212| -0.020470),(0.080745| 0.047503| 0.308504| 0.985536),(-0.084334| 0.122657| -0.015731),(0.181274| 0.092112| 0.429361| 0.827289),(-0.024460| 0.052176| -0.005672),(0.063587| -0.057095| 0.067522| 1.000484),(-0.042853| 0.099386| -0.001636),(0.006376| -0.071080| -0.033204| 1.010045),(-0.056338| 0.127165| 0.002318),(0.161273| -0.027840| 0.221323| 0.918166),(-0.070114| 0.136763| 0.008508),(0.280648| 0.000728| 0.414589| 0.913636),(-0.016793| 0.051699| 0.007089),(0.123671| -0.063722| 0.013385| 0.960327),(-0.029002| 0.095053| 0.017518),(0.090953| -0.058368| -0.089046| 0.956252),(-0.037955| 0.122318| 0.025907),(0.214890| -0.052925| 0.114149| 0.933140),(-0.048578| 0.134466| 0.033269),(0.299925| -0.052182| 0.242081| 0.964191),(-0.011889| 0.047461| 0.020923),(0.185397| -0.123632| -0.063705| 0.998721),(-0.017717| 0.084726| 0.034950),(0.196662| -0.099073| -0.185858| 1.007767),(-0.021578| 0.104672| 0.044892),(0.301044| -0.115578| 0.050098| 0.901579),(-0.029447| 0.113453| 0.051997),(0.399748| -0.138454| 0.206617| 0.929291),undefined
0,(0),(0.000318| -0.000543| 0.001196),(-0.009828| -0.012468| -0.004851| 0.994869),(-0.031949| 0.008011| -0.013220),(0.263292| -0.769355| 0.196737| 0.506580),(-0.049164| 0.019730| -0.017861),(0.401101| -0.656114| 0.258778| 0.504806),(-0.077207| 0.040899| -0.020225),(0.462368| -0.638106| 0.091326| 0.573951),(-0.091313| 0.055003| -0.012776),(0.539780| -0.571294| -0.197408| 0.658346),(-0.032805| 0.048001| -0.018456),(-0.015658| 0.006646| 0.112414| 0.963712),(-0.055801| 0.092591| -0.021984),(-0.094992| -0.027740| 0.037872| 0.975233),(-0.070405| 0.115501| -0.023192),(0.079966| 0.057778| 0.311637| 0.984064),(-0.083257| 0.123057| -0.018689),(0.177786| 0.102480| 0.433299| 0.824770),(-0.023884| 0.052362| -0.007165),(0.066945| -0.050145| 0.071688| 1.000347),(-0.042064| 0.099711| -0.003811),(0.011511| -0.065138| -0.029914| 1.010503),(-0.055428| 0.127628| -0.000300),(0.161006| -0.020044| 0.225666| 0.917358),(-0.069212| 0.137377| 0.005621),(0.277843| 0.010722| 0.422130| 0.910973),(-0.016375| 0.051969| 0.005693),(0.127767| -0.058276| 0.018700| 0.960048),(-0.028394| 0.095505| 0.015536),(0.096304| -0.054161| -0.086377| 0.956221),(-0.037145| 0.122980| 0.023516),(0.215519| -0.046993| 0.117136| 0.932942),(-0.047671| 0.135387| 0.030602),(0.297381| -0.044993| 0.244582| 0.964711),(-0.011663| 0.047839| 0.019626),(0.190647| -0.119529| -0.056255| 0.998680),(-0.017332| 0.085282| 0.033193),(0.202736| -0.096441| -0.182647| 1.007406),(-0.021027| 0.105391| 0.042868),(0.302753| -0.111210| 0.055866| 0.901218),(-0.028824| 0.114388| 0.049803),(0.397042| -0.132219| 0.210488| 0.930490),undefined
0,(2009.012750),(0.000335| -0.000322| -0.000178),(-0.004953| -0.004940| 0.005117| 0.994970),(-0.032201| 0.007489| -0.012937),(0.260255| -0.768905| 0.209152| 0.503851),(-0.049268| 0.019211| -0.018099),(0.397784| -0.654168| 0.269240| 0.504485),(-0.077182| 0.040463| -0.021393),(0.460784| -0.638937| 0.103594| 0.572214),(-0.091435| 0.054764| -0.014544),(0.541916| -0.577827| -0.182470| 0.655192),(-0.032745| 0.047417| -0.018935),(-0.022140| 0.001503| 0.105642| 0.964373),(-0.055457| 0.091960| -0.024113),(-0.105938| -0.036951| 0.029332| 0.974094),(-0.069869| 0.114956| -0.026553),(0.059278| 0.052791| 0.300850| 0.989151),(-0.082774| 0.122861| -0.022818),(0.154329| 0.101019| 0.423237| 0.834835),(-0.024084| 0.051979| -0.007523),(0.061165| -0.055824| 0.066914| 1.000747),(-0.042146| 0.099446| -0.005665),(0.004194| -0.073832| -0.036202| 1.009756),(-0.055335| 0.127669| -0.003323),(0.145236| -0.024485| 0.215159| 0.922393),(-0.069076| 0.137921| 0.001845),(0.256914| 0.009466| 0.411165| 0.922077),(-0.016882| 0.051827| 0.005516),(0.123094| -0.064223| 0.015351| 0.960338),(-0.028787| 0.095626| 0.014156),(0.091295| -0.061851| -0.095366| 0.955390),(-0.037190| 0.123529| 0.021245),(0.203729| -0.051729| 0.103327| 0.936964),(-0.047432| 0.136543| 0.027706),(0.278716| -0.048630| 0.222402| 0.975415),(-0.012517| 0.047955| 0.019635),(0.187264| -0.126603| -0.057874| 0.998356),(-0.017889| 0.085716| 0.032195),(0.194017| -0.104530| -0.200754| 1.004867),(-0.020959| 0.106255| 0.041229),(0.290938| -0.115201| 0.037908| 0.905531),(-0.028214| 0.116039| 0.047807),(0.371512| -0.132866| 0.164958| 0.949923),undefined
0,(4018.025501),(-0.000237| -0.000060| -0.000108),(-0.004303| -0.003033| 0.002132| 0.994991),(-0.032017| 0.007191| -0.012860),(0.259203| -0.767385| 0.221184| 0.501567),(-0.049004| 0.018823| -0.018480),(0.394444| -0.652376| 0.280651| 0.503207),(-0.076915| 0.039985| -0.022721),(0.457506| -0.640673| 0.120576| 0.569570),(-0.091442| 0.054411| -0.016623),(0.541434| -0.587171| -0.159461| 0.653284),(-0.032582| 0.047048| -0.019485),(-0.026806| -0.001450| 0.105080| 0.964315),(-0.055339| 0.091377| -0.025909),(-0.114624| -0.043456| 0.027987| 0.972880),(-0.069712| 0.114343| -0.029324),(0.042422| 0.049328| 0.295243| 0.991882),(-0.082653| 0.122467| -0.026205),(0.135985| 0.100613| 0.417661| 0.840861),(-0.024110| 0.051827| -0.008021),(0.056989| -0.059073| 0.067921| 1.000739),(-0.042301| 0.099262| -0.007352),(-0.002664| -0.080080| -0.036840| 1.009262),(-0.055433| 0.127661| -0.005993),(0.131782| -0.027393| 0.209445| 0.925642),(-0.069133| 0.138271| -0.001444),(0.239734| 0.009340| 0.404900| 0.929449),(-0.017101| 0.051918| 0.005124),(0.119632| -0.067682| 0.017124| 0.960508),(-0.029161| 0.095836| 0.012840),(0.087591| -0.066941| -0.097064| 0.955223),(-0.037442| 0.124016| 0.019234),(0.194344| -0.054495| 0.096044| 0.939571),(-0.047488| 0.137445| 0.025204),(0.264409| -0.050540| 0.208786| 0.982287),(-0.012927| 0.048293| 0.019367),(0.184666| -0.130865| -0.054665| 0.998471),(-0.018239| 0.086242| 0.031178),(0.188697| -0.109640| -0.210223| 1.003398),(-0.020899| 0.107064| 0.039774),(0.283202| -0.117274| 0.026775| 0.908112),(-0.027708| 0.117390| 0.046100),(0.353013| -0.132768| 0.130721| 0.962241),undefined
0,(6027.038251),(-0.000323| -0.000057| -0.000061),(-0.000940| -0.001009| 0.002735| 0.995002),(-0.032025| 0.007009| -0.012978),(0.262413| -0.765684| 0.223439| 0.501500),(-0.048950| 0.018606| -0.018853),(0.392976| -0.652048| 0.284553| 0.502590),(-0.076849| 0.039718| -0.023679),(0.455515| -0.642241| 0.129544| 0.567426),(-0.091580| 0.054200| -0.018110),(0.541023| -0.593464| -0.144757| 0.651359),(-0.032750| 0.046854| -0.019708),(-0.027487| -0.001671| 0.104706| 0.964337),(-0.055663| 0.091057| -0.026351),(-0.115746| -0.044736| 0.026475| 0.972732),(-0.070038| 0.114027| -0.029968),(0.038261| 0.048297| 0.290057| 0.993631),(-0.082956| 0.122239| -0.027000),(0.131757| 0.100637| 0.413058| 0.843800),(-0.024333| 0.051707| -0.008235),(0.056675| -0.058958| 0.067870| 1.000768),(-0.042634| 0.099076| -0.007840),(-0.004940| -0.081365| -0.039800| 1.009038),(-0.055732| 0.127503| -0.006740),(0.128618| -0.027294| 0.206510| 0.926748),(-0.069430| 0.138161| -0.002327),(0.236235| 0.010690| 0.402792| 0.931244),(-0.017362| 0.051871| 0.004929),(0.119502| -0.067348| 0.017255| 0.960546),(-0.029587| 0.095763| 0.012464),(0.086938| -0.067149| -0.098685| 0.955102),(-0.037924| 0.123953| 0.018722),(0.193441| -0.053729| 0.094931| 0.939915),(-0.048003| 0.137390| 0.024613),(0.262902| -0.049261| 0.207115| 0.983110),(-0.013207| 0.048311| 0.019194),(0.185014| -0.130375| -0.054245| 0.998493),(-0.018545| 0.086271| 0.030851),(0.187128| -0.109101| -0.216112| 1.002498),(-0.021046| 0.107159| 0.039350),(0.281924| -0.116076| 0.021469| 0.908804),(-0.027697| 0.117633| 0.045635),(0.348110| -0.130830| 0.116697| 0.966088),undefined
0,(8036.051002),(-0.000301| -0.000540| 0.000005),(-0.000311| 0.000152| 0.003370| 0.995001),(-0.032080| 0.006823| -0.012968),(0.266898| -0.764098| 0.223788| 0.501395),(-0.048952| 0.018360| -0.019110),(0.392044| -0.651923| 0.287835| 0.501609),(-0.076835| 0.039394| -0.024465),(0.454535| -0.643312| 0.135343| 0.565643),(-0.091701| 0.053903| -0.019291),(0.541242| -0.597055| -0.136715| 0.649632),(-0.033002| 0.046666| -0.019737),(-0.027732| -0.002163| 0.104021| 0.964403),(-0.056120| 0.090751| -0.026425),(-0.115292| -0.045669| 0.024991| 0.972781),(-0.070555| 0.113693| -0.030064),(0.037751| 0.047846| 0.286822| 0.994611),(-0.083476| 0.121900| -0.027117),(0.131454| 0.101027| 0.410428| 0.845082),(-0.024617| 0.051578| -0.008266),(0.056771| -0.058986| 0.067219| 1.000804),(-0.043047| 0.098874| -0.007984),(-0.006103| -0.082345| -0.043469| 1.008801),(-0.056148| 0.127281| -0.006981),(0.128184| -0.026944| 0.204587| 0.927245),(-0.069884| 0.137877| -0.002586),(0.236943| 0.012394| 0.403232| 0.930852),(-0.017654| 0.051795| 0.004903),(0.119664| -0.067022| 0.016647| 0.960559),(-0.030010| 0.095646| 0.012355),(0.086203| -0.067170| -0.101996| 0.954819),(-0.038369| 0.123827| 0.018555),(0.193595| -0.052955| 0.093191| 0.940101),(-0.048497| 0.137227| 0.024436),(0.263576| -0.047974| 0.206301| 0.983164),(-0.013488| 0.048278| 0.019176),(0.185557| -0.129730| -0.054815| 0.998445),(-0.018851| 0.086222| 0.030757),(0.185606| -0.108145| -0.222847| 1.001410),(-0.021206| 0.107145| 0.039209),(0.281513| -0.114801| 0.015977| 0.909206),(-0.027745| 0.117704| 0.045490),(0.345660| -0.129056| 0.105638| 0.968476),undefined
0,(0),(-0.000146| -0.000377| 0.000299),(0.001049| 0.003675| 0.003280| 0.994994),(-0.032060| 0.006677| -0.012652),(0.274073| -0.762633| 0.220969| 0.501005),(-0.048974| 0.018032| -0.019013),(0.393561| -0.651410| 0.290319| 0.499651),(-0.076975| 0.038808| -0.024728),(0.456002| -0.643005| 0.137379| 0.564321),(-0.091964| 0.053237| -0.019734),(0.542433| -0.596399| -0.136589| 0.649266),(-0.033353| 0.046524| -0.019349),(-0.027259| -0.002887| 0.105122| 0.964295),(-0.056888| 0.090449| -0.025709),(-0.112451| -0.045697| 0.026318| 0.973079),(-0.071531| 0.113295| -0.029040),(0.042959| 0.048090| 0.287369| 0.994230),(-0.084483| 0.121359| -0.025880),(0.137946| 0.101754| 0.411188| 0.843589),(-0.024933| 0.051493| -0.007926),(0.057397| -0.059018| 0.067656| 1.000737),(-0.043657| 0.098652| -0.007456),(-0.006485| -0.082727| -0.045212| 1.008691),(-0.056920| 0.126921| -0.006280),(0.131773| -0.026037| 0.206344| 0.926378),(-0.070775| 0.137221| -0.001681),(0.245309| 0.015213| 0.410680| 0.925371),(-0.017884| 0.051748| 0.005196),(0.120003| -0.066475| 0.016590| 0.960555),(-0.030492| 0.095495| 0.012745),(0.084242| -0.067023| -0.103481| 0.954845),(-0.039026| 0.123575| 0.018994),(0.194892| -0.051976| 0.094877| 0.939720),(-0.049326| 0.136780| 0.024978),(0.267644| -0.046239| 0.211802| 0.980977),(-0.013594| 0.048249| 0.019437),(0.185850| -0.128567| -0.055414| 0.998509),(-0.019145| 0.086135| 0.031084),(0.183279| -0.106771| -0.225178| 1.001465),(-0.021562| 0.107040| 0.039544),(0.281437| -0.113228| 0.014485| 0.909452),(-0.028134| 0.117559| 0.045865),(0.345619| -0.127157| 0.102661| 0.969062),undefined
0,(2009.012750),(-0.000354| -0.000351| -0.000072),(0.002472| 0.004671| 0.003392| 0.994987),(-0.032183| 0.006570| -0.012332),(0.280714| -0.762165| 0.214882| 0.500688),(-0.049243| 0.017759| -0.018599),(0.399852| -0.649785| 0.286496| 0.498980),(-0.077464| 0.038269| -0.024082),(0.461773| -0.639897| 0.130907| 0.564698),(-0.092501| 0.052536| -0.018855),(0.545879| -0.589889| -0.146611| 0.650139),(-0.033778| 0.046427| -0.018855),(-0.026698| -0.004178| 0.105007| 0.964318),(-0.057694| 0.090246| -0.024686),(-0.108497| -0.045323| 0.028121| 0.973494),(-0.072598| 0.112960| -0.027525),(0.050915| 0.048495| 0.290238| 0.993001),(-0.085601| 0.120797| -0.024043),(0.146938| 0.101939| 0.413672| 0.840830),(-0.025297| 0.051400| -0.007479),(0.057974| -0.059610| 0.066533| 1.000743),(-0.044358| 0.098430| -0.006608),(-0.005457| -0.082734| -0.044654| 1.008721),(-0.057923| 0.126487| -0.005080),(0.136778| -0.025521| 0.209737| 0.924904),(-0.071919| 0.136434| -0.000210),(0.254116| 0.016539| 0.417341| 0.919975),(-0.018144| 0.051643| 0.005586),(0.120193| -0.066402| 0.014905| 0.960565),(-0.031109| 0.095256| 0.013426),(0.083933| -0.066878| -0.101015| 0.955147),(-0.040070| 0.123118| 0.019887),(0.197759| -0.051356| 0.100219| 0.938600),(-0.050654| 0.136000| 0.026047),(0.273306| -0.045083| 0.220916| 0.977452),(-0.013717| 0.048111| 0.019778),(0.185792| -0.127763| -0.057970| 0.998477),(-0.019628| 0.085913| 0.031665),(0.183974| -0.105791| -0.220259| 1.002535),(-0.022490| 0.106680| 0.040264),(0.284524| -0.112348| 0.021592| 0.908460),(-0.029437| 0.116883| 0.046670),(0.353928| -0.126547| 0.120728| 0.964047),undefined
0,(4018.025501),(-0.000689| 0.000068| -0.000752),(0.003961| 0.006124| 0.005145| 0.994968),(-0.032409| 0.006367| -0.011888),(0.290105| -0.761385| 0.205628| 0.500407),(-0.049722| 0.017391| -0.017738),(0.412417| -0.646365| 0.275175| 0.499567),(-0.078262| 0.037606| -0.022361),(0.473167| -0.633010| 0.113961| 0.566699),(-0.093243| 0.051611| -0.016446),(0.552242| -0.575841| -0.169794| 0.651716),(-0.034436| 0.046242| -0.018134),(-0.026051| -0.005987| 0.104527| 0.964378),(-0.058970| 0.089868| -0.023164),(-0.102232| -0.044299| 0.032677| 0.974077),(-0.074404| 0.112203| -0.025171),(0.066026| 0.051703| 0.302081| 0.988406),(-0.087569| 0.119418| -0.021082),(0.164566| 0.105571| 0.426506| 0.830643),(-0.025878| 0.051212| -0.006814),(0.058673| -0.060352| 0.064649| 1.000783),(-0.045531| 0.098019| -0.005235),(-0.001144| -0.081496| -0.041519| 1.008970),(-0.059731| 0.125590| -0.002978),(0.148573| -0.023201| 0.220160| 0.920714),(-0.074018| 0.134798| 0.002402),(0.270517| 0.019454| 0.430897| 0.908926),(-0.018587| 0.051428| 0.006175),(0.120379| -0.066136| 0.012292| 0.960596),(-0.032103| 0.094815| 0.014530),(0.085577| -0.065854| -0.096847| 0.955504),(-0.041749| 0.122270| 0.021447),(0.204778| -0.049858| 0.109701| 0.936112),(-0.052790| 0.134563| 0.027943),(0.285173| -0.042839| 0.237034| 0.970361),(-0.013979| 0.047840| 0.020293),(0.185692| -0.126363| -0.061809| 0.998444),(-0.020468| 0.085499| 0.032548),(0.185528| -0.104398| -0.211445| 1.004291),(-0.024074| 0.106016| 0.041358),(0.289826| -0.111027| 0.034604| 0.906542),(-0.031633| 0.115655| 0.047876),(0.367853| -0.125555| 0.152199| 0.954462),undefined
0,(6027.038251),(-0.000423| -0.000045| -0.000240),(0.004671| 0.005237| 0.005445| 0.994968),(-0.032578| 0.006157| -0.011568),(0.300512| -0.759900| 0.195402| 0.500622),(-0.050176| 0.016987| -0.016902),(0.426657| -0.641674| 0.262080| 0.500695),(-0.079062| 0.036846| -0.020465),(0.486141| -0.623810| 0.094308| 0.569522),(-0.093945| 0.050518| -0.013719),(0.559413| -0.557799| -0.196101| 0.653903),(-0.035116| 0.046057| -0.017435),(-0.024981| -0.007014| 0.104727| 0.964378),(-0.060435| 0.089419| -0.021401),(-0.091924| -0.040657| 0.040007| 0.974989),(-0.076528| 0.111233| -0.022281),(0.086308| 0.057161| 0.317612| 0.981651),(-0.089841| 0.117636| -0.017447),(0.186963| 0.110741| 0.442603| 0.816692),(-0.026492| 0.051015| -0.006158),(0.059888| -0.060068| 0.063440| 1.000805),(-0.046899| 0.097517| -0.003598),(0.007337| -0.077644| -0.036178| 1.009454),(-0.061874| 0.124424| -0.000298),(0.165326| -0.019024| 0.233815| 0.914567),(-0.076461| 0.132693| 0.005725),(0.291338| 0.023302| 0.446422| 0.894798),(-0.019060| 0.051192| 0.006751),(0.121091| -0.064702| 0.010375| 0.960627),(-0.033196| 0.094283| 0.015780),(0.088908| -0.063141| -0.092360| 0.955826),(-0.043588| 0.121213| 0.023315),(0.214887| -0.046928| 0.121707| 0.932505),(-0.055132| 0.132759| 0.030242),(0.300600| -0.039286| 0.256251| 0.960925),(-0.014252| 0.047528| 0.020784),(0.186244| -0.123515| -0.064981| 0.998496),(-0.021382| 0.084985| 0.033497),(0.187704| -0.101477| -0.202210| 1.006086),(-0.025756| 0.105186| 0.042569),(0.296248| -0.108522| 0.048610| 0.904123),(-0.033901| 0.114197| 0.049217),(0.381996| -0.123236| 0.182289| 0.943877),undefined
0,(8036.051002),(-0.000162| -0.000470| -0.000387),(0.009708| 0.017909| 0.009505| 0.994754),(-0.033318| 0.005682| -0.010519),(0.317713| -0.760362| 0.171622| 0.498007),(-0.051242| 0.016313| -0.015124),(0.445798| -0.640031| 0.234937| 0.499592),(-0.080488| 0.035778| -0.017316),(0.500043| -0.616994| 0.060866| 0.569467),(-0.095210| 0.049075| -0.009635),(0.561409| -0.541266| -0.235769| 0.652987),(-0.036578| 0.045621| -0.015735),(-0.023909| -0.014018| 0.103008| 0.964514),(-0.062943| 0.088576| -0.017891),(-0.080005| -0.041598| 0.048888| 0.975595),(-0.079788| 0.109755| -0.017186),(0.110498| 0.055057| 0.326783| 0.976321),(-0.093104| 0.115315| -0.011436),(0.214616| 0.108102| 0.449559| 0.806383),(-0.027740| 0.050535| -0.004603),(0.060408| -0.065101| 0.058119| 1.000782),(-0.048942| 0.096620| -0.000486),(0.013155| -0.078630| -0.035291| 1.009349),(-0.064588| 0.122800| 0.004207),(0.184183| -0.020870| 0.238663| 0.909658),(-0.079299| 0.130113| 0.011080),(0.317871| 0.020011| 0.449825| 0.884078),(-0.019975| 0.050630| 0.008111),(0.120093| -0.067600| 0.003214| 0.960604),(-0.034671| 0.093312| 0.018264),(0.088249| -0.064186| -0.093655| 0.955692),(-0.045665| 0.119645| 0.026705),(0.225133| -0.048692| 0.124343| 0.929646),(-0.057540| 0.130396| 0.034274),(0.318719| -0.041221| 0.263443| 0.953028),(-0.014742| 0.046837| 0.021956),(0.183737| -0.124208| -0.075215| 0.998156),(-0.022577| 0.083929| 0.035534),(0.188035| -0.101085| -0.195311| 1.007426),(-0.027849| 0.103597| 0.045165),(0.306343| -0.109283| 0.058253| 0.900088),(-0.036613| 0.111666| 0.052136),(0.405599| -0.124994| 0.211599| 0.927541),undefined
0,(0),(0.000973| -0.000400| -0.000226),(0.011427| 0.014530| 0.019314| 0.994648),(-0.033724| 0.004696| -0.009717),(0.355063| -0.748050| 0.142006| 0.500746),(-0.052232| 0.014846| -0.012876),(0.483364| -0.623415| 0.193747| 0.503326),(-0.082102| 0.033353| -0.012410),(0.530281| -0.589951| 0.010426| 0.573911),(-0.096519| 0.045784| -0.003013),(0.574000| -0.497029| -0.293161| 0.653966),(-0.038879| 0.044601| -0.013675),(-0.017553| -0.012597| 0.105323| 0.964420),(-0.067606| 0.086187| -0.012580),(-0.050504| -0.028510| 0.067211| 0.976948),(-0.085842| 0.105748| -0.009007),(0.155912| 0.069488| 0.347382| 0.961988),(-0.099046| 0.109498| -0.001755),(0.261253| 0.120381| 0.465981| 0.781166),(-0.029833| 0.049582| -0.002739),(0.067228| -0.058854| 0.056377| 1.000834),(-0.053350| 0.094307| 0.004134),(0.032916| -0.066031| -0.021388| 1.010191),(-0.070691| 0.118694| 0.011177),(0.216020| -0.008176| 0.254985| 0.898358),(-0.085609| 0.124068| 0.019280),(0.355887| 0.032363| 0.462635| 0.862347),(-0.021572| 0.049673| 0.009662),(0.124927| -0.057743| -0.000639| 0.960635),(-0.038340| 0.091108| 0.021990),(0.101835| -0.051511| -0.078445| 0.956478),(-0.051359| 0.115622| 0.032287),(0.254949| -0.034280| 0.151345| 0.918520),(-0.064191| 0.124108| 0.040993),(0.362662| -0.024267| 0.305161| 0.925046),(-0.015615| 0.045753| 0.023174),(0.188124| -0.109541| -0.082540| 0.998477),(-0.025289| 0.081895| 0.038353),(0.201612| -0.084980| -0.174788| 1.010053),(-0.032343| 0.100335| 0.049035),(0.331758| -0.094155| 0.084212| 0.890686),(-0.042124| 0.106379| 0.056476),(0.455379| -0.109499| 0.277024| 0.888335),undefined
0,(2009.012750),(0.001204| -0.000566| 0.000089),(0.019767| 0.022933| 0.032292| 0.994022),(-0.034402| 0.003070| -0.007754),(0.403650| -0.731043| 0.096065| 0.499973),(-0.053527| 0.012310| -0.009875),(0.525136| -0.601955| 0.147162| 0.503376),(-0.084244| 0.029174| -0.007571),(0.562039| -0.558374| -0.040290| 0.573958),(-0.098777| 0.040487| 0.002935),(0.585607| -0.449843| -0.345813| 0.652110),(-0.041947| 0.042730| -0.010118),(-0.014693| -0.020416| 0.101180| 0.964778),(-0.073368| 0.082182| -0.005578),(-0.028009| -0.026061| 0.080349| 0.976928),(-0.092975| 0.099794| 0.000552),(0.182807| 0.070991| 0.350099| 0.956140),(-0.105968| 0.102010| 0.008812),(0.285519| 0.120677| 0.460991| 0.775568),(-0.032763| 0.047835| 0.000647),(0.070361| -0.059726| 0.046833| 1.001058),(-0.059066| 0.090478| 0.010751),(0.051650| -0.058889| -0.012554| 1.009998),(-0.078181| 0.112567| 0.020372),(0.243452| -0.000759| 0.257549| 0.890615),(-0.093090| 0.115963| 0.029595),(0.386679| 0.038957| 0.454951| 0.852853),(-0.024020| 0.047981| 0.012716),(0.125430| -0.052920| -0.012284| 0.960770),(-0.043109| 0.087643| 0.027558),(0.110919| -0.042998| -0.073817| 0.956256),(-0.057859| 0.110179| 0.039803),(0.275001| -0.024132| 0.153709| 0.912647),(-0.071109| 0.116708| 0.049510),(0.392383| -0.012319| 0.309525| 0.911605),(-0.017284| 0.043970| 0.025832),(0.187834| -0.097906| -0.098847| 0.998260),(-0.029217| 0.078595| 0.043048),(0.216670| -0.069519| -0.160629| 1.010469),(-0.038120| 0.095316| 0.055096),(0.356746| -0.078990| 0.094057| 0.881469),(-0.048552| 0.098934| 0.062932),(0.511841| -0.094025| 0.330299| 0.839834),undefined
0,(4018.025501),(0.000499| -0.000913| -0.000092),(0.022451| 0.037776| 0.047340| 0.992909),(-0.034933| 0.000629| -0.004488),(0.468435| -0.699684| 0.031329| 0.496576),(-0.054826| 0.008377| -0.005076),(0.582338| -0.562004| 0.080498| 0.501714),(-0.086604| 0.022612| -0.000284),(0.602143| -0.508973| -0.105686| 0.570897),(-0.101379| 0.032316| 0.011461),(0.595775| -0.388707| -0.405428| 0.647855),(-0.045628| 0.039675| -0.004749),(-0.008498| -0.032537| 0.092263| 0.965413),(-0.080266| 0.075609| 0.004178),(-0.000624| -0.027631| 0.097044| 0.975769),(-0.101377| 0.090161| 0.013268),(0.212346| 0.072633| 0.349349| 0.950169),(-0.113932| 0.090432| 0.022568),(0.308366| 0.122488| 0.446555| 0.774982),(-0.036210| 0.045069| 0.005670),(0.075440| -0.062344| 0.030319| 1.001165),(-0.066303| 0.083909| 0.020323),(0.086410| -0.049217| 0.011535| 1.008150),(-0.087858| 0.101540| 0.033547),(0.288276| 0.014794| 0.270031| 0.873246),(-0.102438| 0.101681| 0.044114),(-0.428785| -0.055137| -0.444382| -0.837260),(-0.026757| 0.045448| 0.017197),(0.125553| -0.048134| -0.031611| 0.960563),(-0.048732| 0.082253| 0.035398),(0.125830| -0.033959| -0.066604| 0.955303),(-0.065546| 0.101669| 0.050197),(0.302369| -0.009077| 0.151816| 0.904545),(-0.078964| 0.105607| 0.061094),(0.427187| 0.006905| 0.299328| 0.899339),(-0.018891| 0.041515| 0.029703),(0.185189| -0.084317| -0.124420| 0.997134),(-0.033599| 0.073699| 0.049499),(0.236858| -0.053316| -0.142118| 1.009696),(-0.044816| 0.087507| 0.063163),(0.394886| -0.058531| 0.112673| 0.864456),(-0.055573| 0.087946| 0.071251),(-0.574759| 0.067607| -0.366483| -0.784865),undefined
0,(6027.038251),(0.000561| -0.000027| 0.000118),(0.016130| 0.038180| 0.054864| 0.992628),(-0.034916| -0.002359| -0.002643),(0.542551| -0.644334| -0.031322| 0.496033),(-0.055581| 0.003007| -0.001935),(0.644057| -0.498716| 0.026541| 0.498931),(-0.088535| 0.013250| 0.004879),(0.646178| -0.440243| -0.154852| 0.568668),(-0.103758| 0.020809| 0.017565),(0.607822| -0.313658| -0.448975| 0.648630),(-0.049733| 0.035288| -0.000584),(0.003762| -0.035546| 0.089932| 0.965557),(-0.087467| 0.066437| 0.012648),(0.020982| -0.026423| 0.108872| 0.974328),(-0.109548| 0.077736| 0.024081),(0.228295| 0.082263| 0.338818| 0.949499),(-0.121483| 0.076475| 0.034131),(-0.313704| -0.132979| -0.419954| -0.785905),(-0.040165| 0.041351| 0.009322),(0.085325| -0.054075| 0.020719| 1.001097),(-0.073995| 0.074731| 0.028582),(0.122403| -0.031164| 0.040523| 1.004386),(-0.097207| 0.086755| 0.044964),(0.329366| 0.046000| 0.284589| 0.852765),(-0.110694| 0.083298| 0.056499),(-0.468000| -0.093268| -0.442005| -0.813809),(-0.029909| 0.042377| 0.020105),(0.128528| -0.032629| -0.044153| 0.960327),(-0.055244| 0.074831| 0.041998),(0.150598| -0.014752| -0.043810| 0.953525),(-0.074261| 0.089043| 0.059501),(0.349604| 0.025804| 0.180252| 0.881691),(-0.087435| 0.088489| 0.071407),(-0.488207| -0.053087| -0.331556| -0.854314),(-0.020689| 0.038943| 0.031819),(0.184259| -0.059247| -0.142541| 0.996685),(-0.038445| 0.067488| 0.054398),(0.268820| -0.023721| -0.110708| 1.006750),(-0.051766| 0.076711| 0.069598),(0.455884| -0.017522| 0.157580| 0.828476),(-0.061932| 0.072757| 0.077329),(-0.655732| 0.012079| -0.424366| -0.689219),undefined
0,(8036.051002),(0.001254| 0.003992| 0.001116),(0.016385| 0.041781| 0.058471| 0.992273),(-0.033258| -0.004632| -0.001166),(0.616524| -0.562953| -0.101408| 0.499256),(-0.054396| -0.002119| 0.000109),(0.697800| -0.428468| -0.016067| 0.492338),(-0.087888| 0.003612| 0.008330),(0.677058| -0.361537| -0.211968| 0.569803),(-0.102547| 0.009035| 0.022263),(0.584293| -0.217442| -0.525298| 0.652313),(-0.052896| 0.030328| 0.004015),(0.020545| -0.029823| 0.098658| 0.964687),(-0.092811| 0.055059| 0.022707),(0.047459| -0.009852| 0.119675| 0.972438),(-0.114936| 0.063286| 0.036962),(0.227785| 0.096501| 0.299646| 0.961377),(-0.126046| 0.061572| 0.047839),(-0.300249| -0.144822| -0.361518| -0.817486),(-0.043253| 0.037286| 0.013217),(0.097076| -0.035141| 0.022127| 1.000840),(-0.078808| 0.065332| 0.036797),(0.121159| -0.012960| 0.027197| 1.005386),(-0.101669| 0.076150| 0.055163),(0.294237| 0.061412| 0.207702| 0.886177),(-0.114284| 0.073944| 0.067642),(-0.433696| -0.116325| -0.345523| -0.874280),(-0.032218| 0.039399| 0.022997),(0.130760| -0.006582| -0.045828| 0.960479),(-0.059200| 0.067423| 0.048374),(0.141054| 0.008927| -0.052681| 0.954608),(-0.077896| 0.079988| 0.067630),(0.319876| 0.057708| 0.121122| 0.901354),(-0.089851| 0.079960| 0.080577),(-0.444771| -0.090502| -0.234555| -0.905493),(-0.021462| 0.036822| 0.033500),(0.180073| -0.022372| -0.149420| 0.997951),(-0.039689| 0.063021| 0.058157),(0.217353| 0.012092| -0.162602| 1.012325),(-0.051181| 0.073740| 0.074173),(0.367537| 0.026545| 0.018520| 0.884991),(-0.060166| 0.074718| 0.084562),(-0.485550| -0.036677| -0.114287| -0.913824),undefined
0,(0),(0.000724| 0.001144| -0.001510),(0.009618| -0.000628| 0.008023| 0.994929),(-0.032952| -0.004594| -0.001732),(0.627271| -0.547005| -0.111629| 0.501412),(-0.054171| -0.002493| -0.001563),(0.701423| -0.428517| -0.001076| 0.487383),(-0.087885| 0.002660| 0.005378),(0.679755| -0.354047| -0.212449| 0.571114),(-0.102435| 0.007839| 0.019237),(0.574453| -0.193552| -0.544234| 0.653053),(-0.053329| 0.029690| 0.004162),(0.021371| -0.028203| 0.101492| 0.964424),(-0.093652| 0.053720| 0.022862),(0.031522| -0.020849| 0.110366| 0.974011),(-0.116105| 0.062337| 0.036392),(0.202421| 0.080751| 0.288143| 0.971963),(-0.127557| 0.060964| 0.046890),(-0.280456| -0.133187| -0.357763| -0.828078),(-0.043805| 0.036709| 0.013435),(0.097825| -0.030411| 0.024867| 1.000858),(-0.079667| 0.064378| 0.036967),(0.100123| -0.020527| 0.013394| 1.007850),(-0.102749| 0.076555| 0.054514),(0.256086| 0.046612| 0.180103| 0.904768),(-0.115823| 0.075774| 0.066637),(-0.394678| -0.100957| -0.320285| -0.903788),(-0.032765| 0.038885| 0.023184),(0.130791| -0.000012| -0.042727| 0.960641),(-0.059992| 0.066514| 0.048651),(0.122102| 0.007421| -0.063433| 0.956576),(-0.078633| 0.080372| 0.067351),(0.278904| 0.050171| 0.090327| 0.918856),(-0.090688| 0.081992| 0.080059),(-0.397651| -0.081322| -0.198195| -0.936443),(-0.021957| 0.036358| 0.033670),(0.180179| -0.012696| -0.146560| 0.998526),(-0.040267| 0.062542| 0.058386),(0.186325| 0.013065| -0.181546| 1.015274),(-0.051296| 0.074869| 0.073999),(0.312229| 0.025726| -0.027496| 0.905780),(-0.059756| 0.078382| 0.084359),(0.383476| 0.032209| 0.016584| 0.967924),undefined
0,(2009.012750),(-0.000553| 0.000620| -0.001610),(0.000696| -0.001788| 0.001726| 0.995004),(-0.032875| -0.004496| -0.001977),(0.630540| -0.543660| -0.110428| 0.501215),(-0.054097| -0.002486| -0.002686),(0.700743| -0.434788| 0.015932| 0.482522),(-0.087880| 0.002610| 0.003259),(0.680196| -0.354777| -0.208990| 0.571413),(-0.102346| 0.007804| 0.017055),(0.570653| -0.184728| -0.552096| 0.652340),(-0.053390| 0.029603| 0.003953),(0.022076| -0.027862| 0.102500| 0.964311),(-0.093937| 0.053506| 0.022364),(0.026593| -0.026050| 0.108848| 0.974204),(-0.116516| 0.061945| 0.035622),(0.205382| 0.082610| 0.297421| 0.968383),(-0.127902| 0.060129| 0.046114),(-0.287186| -0.138903| -0.371389| -0.818781),(-0.043947| 0.036667| 0.013277),(0.098810| -0.029529| 0.026145| 1.000755),(-0.079921| 0.064397| 0.036637),(0.094866| -0.022010| 0.007796| 1.008386),(-0.102981| 0.076525| 0.054100),(0.262470| 0.051763| 0.186219| 0.901415),(-0.115961| 0.075244| 0.066321),(-0.405221| -0.109622| -0.330840| -0.894260),(-0.032942| 0.038872| 0.023065),(0.131810| 0.001154| -0.041317| 0.960562),(-0.060167| 0.066654| 0.048401),(0.115549| 0.007756| -0.071254| 0.956837),(-0.078626| 0.080939| 0.067015),(0.276100| 0.053738| 0.083470| 0.920148),(-0.090580| 0.082583| 0.079831),(0.404761| 0.089502| 0.199766| 0.932308),(-0.022157| 0.036397| 0.033600),(0.181611| -0.011044| -0.144986| 0.998516),(-0.040268| 0.062922| 0.058157),(0.171753| 0.014508| -0.197899| 1.014768),(-0.050824| 0.075937| 0.073683),(0.305394| 0.031938| -0.042982| 0.907308),(-0.059125| 0.079451| 0.084228),(0.400944| 0.043293| 0.023337| 0.960243),undefined
0,(4018.025501),(-0.000659| -0.000259| -0.000162),(-0.002120| -0.002258| 0.000084| 0.995002),(-0.032853| -0.004510| -0.002003),(0.631425| -0.543708| -0.105178| 0.501180),(-0.054074| -0.002472| -0.002907),(0.700136| -0.436134| 0.022211| 0.481941),(-0.087751| 0.002706| 0.003040),(0.679247| -0.350731| -0.212733| 0.573654),(-0.102046| 0.007933| 0.017066),(-0.571609| 0.179573| 0.553061| -0.652126),(-0.053338| 0.029591| 0.003720),(0.021801| -0.027373| 0.103103| 0.964267),(-0.094005| 0.053493| 0.021921),(0.027553| -0.024438| 0.110304| 0.974056),(-0.116571| 0.061685| 0.035244),(0.213609| 0.091164| 0.305841| 0.963200),(-0.127787| 0.059497| 0.045871),(-0.295890| -0.148795| -0.379828| -0.810026),(-0.043959| 0.036718| 0.013068),(0.098885| -0.029305| 0.027114| 1.000728),(-0.080043| 0.064453| 0.036338),(0.098016| -0.018537| 0.008960| 1.008145),(-0.103023| 0.075884| 0.054073),(0.281958| 0.064216| 0.203179| 0.891006),(-0.115704| 0.073558| 0.066506),(-0.426998| -0.125041| -0.349583| -0.874761),(-0.033002| 0.038984| 0.022905),(0.132162| 0.001120| -0.040341| 0.960555),(-0.060227| 0.066964| 0.048085),(0.115261| 0.010035| -0.074695| 0.956588),(-0.078597| 0.081009| 0.066841),(0.290717| 0.061910| 0.092949| 0.914205),(-0.090461| 0.081890| 0.079848),(-0.427726| -0.101536| -0.217162| -0.916802),(-0.022248| 0.036584| 0.033493),(0.182441| -0.011470| -0.143719| 0.998543),(-0.040262| 0.063371| 0.057859),(0.168125| 0.016342| -0.205437| 1.013850),(-0.050707| 0.076321| 0.073417),(0.321340| 0.037459| -0.033208| 0.901985),(-0.059174| 0.078844| 0.084082),(0.448456| 0.054068| 0.065646| 0.936427),undefined
0,(6027.038251),(0.000093| -0.000022| 0.000295),(0.000129| -0.002478| -0.001078| 0.995003),(-0.032841| -0.004493| -0.002085),(0.630754| -0.545074| -0.102118| 0.501172),(-0.054065| -0.002399| -0.002853),(0.699877| -0.435141| 0.020954| 0.483268),(-0.087677| 0.002827| 0.003366),(0.679200| -0.347342| -0.214961| 0.574939),(-0.101930| 0.008007| 0.017534),(-0.575336| 0.177190| 0.549541| -0.652475),(-0.053265| 0.029674| 0.003560),(0.021190| -0.027496| 0.103213| 0.964266),(-0.093967| 0.053617| 0.021651),(0.028748| -0.022683| 0.111208| 0.973960),(-0.116526| 0.061726| 0.035021),(0.216457| 0.094121| 0.308894| 0.961304),(-0.127705| 0.059429| 0.045681),(-0.298250| -0.151371| -0.382615| -0.807367),(-0.043920| 0.036782| 0.012959),(0.098649| -0.029578| 0.027613| 1.000730),(-0.080069| 0.064505| 0.036172),(0.100521| -0.016658| 0.010787| 1.007914),(-0.103055| 0.075635| 0.053994),(0.288608| 0.067770| 0.210382| 0.886932),(-0.115674| 0.072963| 0.066447),(-0.432401| -0.128045| -0.356301| -0.868942),(-0.033010| 0.039029| 0.022855),(0.132332| 0.000791| -0.039666| 0.960560),(-0.060274| 0.067047| 0.047977),(0.116899| 0.011335| -0.074465| 0.956394),(-0.078674| 0.080850| 0.066799),(0.298512| 0.064455| 0.100537| 0.910707),(-0.090566| 0.081358| 0.079830),(-0.434794| -0.103499| -0.225246| -0.911292),(-0.022309| 0.036603| 0.033490),(0.183102| -0.011886| -0.142793| 0.998550),(-0.040327| 0.063438| 0.057799),(0.169238| 0.017466| -0.206438| 1.013442),(-0.050809| 0.076229| 0.073375),(0.330184| 0.038374| -0.024646| 0.899021),(-0.059392| 0.078367| 0.084019),(0.461249| 0.054788| 0.080306| 0.929000),undefined
0,(8036.051002),(0.000157| 0.000081| 0.000327),(0.001082| -0.001605| -0.001849| 0.995003),(-0.032853| -0.004457| -0.002146),(0.629077| -0.547076| -0.101164| 0.501293),(-0.054075| -0.002276| -0.002741),(0.698954| -0.435237| 0.017778| 0.484644),(-0.087658| 0.003025| 0.003703),(0.679022| -0.346677| -0.215506| 0.575346),(-0.101946| 0.008157| 0.017917),(0.579042| -0.177439| -0.545083| 0.652870),(-0.053186| 0.029803| 0.003520),(0.020651| -0.027729| 0.103379| 0.964253),(-0.093858| 0.053790| 0.021633),(0.030327| -0.020898| 0.112488| 0.973805),(-0.116396| 0.061860| 0.035091),(0.217915| 0.094807| 0.310157| 0.960500),(-0.127572| 0.059545| 0.045767),(-0.298942| -0.150964| -0.383230| -0.806896),(-0.043844| 0.036859| 0.012961),(0.098339| -0.029930| 0.028026| 1.000738),(-0.079963| 0.064600| 0.036203),(0.102193| -0.015299| 0.011972| 1.007754),(-0.102937| 0.075700| 0.054088),(0.289174| 0.067346| 0.211136| 0.886600),(-0.115594| 0.073071| 0.066535),(-0.430660| -0.125643| -0.354990| -0.870692),(-0.032957| 0.039052| 0.022895),(0.132348| 0.000457| -0.039091| 0.960582),(-0.060175| 0.067107| 0.048034),(0.117793| 0.012235| -0.074397| 0.956278),(-0.078550| 0.080858| 0.066898),(0.300791| 0.064236| 0.103145| 0.909681),(-0.090478| 0.081340| 0.079926),(-0.433314| -0.101095| -0.224758| -0.912386),(-0.022296| 0.036560| 0.033551),(0.183395| -0.012188| -0.142075| 0.998595),(-0.040250| 0.063402| 0.057883),(0.170303| 0.018709| -0.206942| 1.013139),(-0.050712| 0.076077| 0.073491),(0.335337| 0.038042| -0.019257| 0.897258),(-0.059343| 0.078116| 0.084120),(-0.461036| -0.052529| -0.081286| -0.929150),undefined
1,(0),(-0.000024| -0.000008| -0.000024),(0.001029| 0.000500| -0.000732| 0.995006),(-0.032868| -0.004478| -0.002104),(0.628141| -0.547896| -0.102757| 0.501246),(-0.054087| -0.002253| -0.002545),(0.698647| -0.435090| 0.013659| 0.485353),(-0.087672| 0.003074| 0.004050),(0.678964| -0.347184| -0.216017| 0.574919),(-0.102012| 0.008166| 0.018253),(0.580537| -0.178632| -0.543040| 0.652919),(-0.053164| 0.029829| 0.003653),(0.020605| -0.028149| 0.103307| 0.964249),(-0.093788| 0.053830| 0.021857),(0.030715| -0.020946| 0.112628| 0.973776),(-0.116311| 0.061922| 0.035362),(0.217577| 0.093383| 0.309160| 0.961037),(-0.127504| 0.059653| 0.046037),(-0.298212| -0.148887| -0.381739| -0.808257),(-0.043801| 0.036851| 0.013099),(0.098224| -0.030322| 0.027887| 1.000742),(-0.079870| 0.064572| 0.036436),(0.102697| -0.015321| 0.012388| 1.007697),(-0.102834| 0.075713| 0.054363),(0.287608| 0.065467| 0.209277| 0.887690),(-0.115529| 0.073212| 0.066804),(-0.427713| -0.122380| -0.351467| -0.874032),(-0.032906| 0.039009| 0.023030),(0.132227| 0.000154| -0.039197| 0.960594),(-0.060067| 0.067040| 0.048254),(0.118092| 0.012287| -0.074226| 0.956253),(-0.078415| 0.080784| 0.067160),(0.300273| 0.063023| 0.102651| 0.909992),(-0.090353| 0.081344| 0.080188),(-0.429962| -0.098352| -0.221272| -0.915120),(-0.022242| 0.036472| 0.033671),(0.183169| -0.012369| -0.142248| 0.998610),(-0.040154| 0.063252| 0.058091),(0.171496| 0.019254| -0.206144| 1.013090),(-0.050617| 0.075818| 0.073749),(0.337264| 0.037335| -0.017078| 0.896609),(-0.059251| 0.077867| 0.084381),(0.456762| 0.050333| 0.077085| 0.931737),undefined
1,(2009.012750),(-0.000037| 0.000046| 0.000090),(0.000314| 0.000971| 0.000138| 0.995007),(-0.032883| -0.004545| -0.002027),(0.628057| -0.547837| -0.104383| 0.501081),(-0.054102| -0.002310| -0.002341),(0.698996| -0.434234| 0.010202| 0.485700),(-0.087690| 0.003007| 0.004380),(0.679160| -0.347258| -0.216771| 0.574358),(-0.102049| 0.008072| 0.018580),(0.580736| -0.179183| -0.542906| 0.652703),(-0.053182| 0.029780| 0.003803),(0.020891| -0.028367| 0.103071| 0.964262),(-0.093772| 0.053781| 0.022085),(0.030765| -0.021340| 0.112131| 0.973823),(-0.116284| 0.061914| 0.035609),(0.216884| 0.092150| 0.307381| 0.961883),(-0.127494| 0.059706| 0.046283),(-0.297154| -0.147301| -0.379474| -0.810002),(-0.043799| 0.036792| 0.013236),(0.098379| -0.030483| 0.027503| 1.000732),(-0.079840| 0.064479| 0.036652),(0.102971| -0.015629| 0.012478| 1.007663),(-0.102801| 0.075663| 0.054601),(0.285976| 0.064087| 0.207001| 0.888852),(-0.115521| 0.073280| 0.067042),(-0.425358| -0.120417| -0.348056| -0.876815),(-0.032888| 0.038939| 0.023151),(0.132254| 0.000051| -0.039612| 0.960574),(-0.060023| 0.066936| 0.048436),(0.118189| 0.011928| -0.074047| 0.956259),(-0.078366| 0.080693| 0.067356),(0.298985| 0.061984| 0.101306| 0.910638),(-0.090307| 0.081339| 0.080380),(-0.427135| -0.096640| -0.218118| -0.917380),(-0.022207| 0.036386| 0.033769),(0.183014| -0.012397| -0.142771| 0.998563),(-0.040125| 0.063093| 0.058260),(0.172873| 0.019182| -0.204609| 1.013168),(-0.050628| 0.075570| 0.073951),(0.337772| 0.036676| -0.016042| 0.896465),(-0.059265| 0.077631| 0.084576),(0.453837| 0.048992| 0.074548| 0.933444),undefined
1,(4018.025501),(0.000038| -0.000046| 0.000037),(-0.000789| 0.000144| 0.000535| 0.995007),(-0.032880| -0.004610| -0.002014),(0.628651| -0.547216| -0.103932| 0.501108),(-0.054101| -0.002403| -0.002250),(0.699819| -0.432549| 0.009278| 0.486037),(-0.087700| 0.002868| 0.004537),(0.679897| -0.346823| -0.215905| 0.574074),(-0.102066| 0.007924| 0.018720),(0.580729| -0.179230| -0.542892| 0.652707),(-0.053227| 0.029717| 0.003794),(0.021116| -0.027981| 0.103075| 0.964268),(-0.093821| 0.053733| 0.022045),(0.030221| -0.021435| 0.111365| 0.973926),(-0.116331| 0.061914| 0.035534),(0.216268| 0.092447| 0.306427| 0.962297),(-0.127550| 0.059747| 0.046205),(-0.296337| -0.147633| -0.378305| -0.810788),(-0.043843| 0.036749| 0.013209),(0.098572| -0.030117| 0.027469| 1.000725),(-0.079916| 0.064414| 0.036594),(0.103032| -0.015848| 0.013062| 1.007646),(-0.102910| 0.075596| 0.054503),(0.285248| 0.064169| 0.206847| 0.889116),(-0.115637| 0.073236| 0.066931),(-0.424680| -0.120955| -0.348049| -0.877072),(-0.032926| 0.038919| 0.023112),(0.132375| 0.000347| -0.039706| 0.960553),(-0.060112| 0.066889| 0.048366),(0.118520| 0.011543| -0.072994| 0.956305),(-0.078510| 0.080631| 0.067244),(0.298195| 0.061848| 0.101506| 0.910884),(-0.090466| 0.081299| 0.080244),(-0.426258| -0.096844| -0.218405| -0.917698),(-0.022235| 0.036385| 0.033723),(0.183101| -0.012188| -0.142875| 0.998535),(-0.040260| 0.063026| 0.058211),(0.175207| 0.018534| -0.201086| 1.013485),(-0.050891| 0.075404| 0.073888),(0.338118| 0.036255| -0.013588| 0.896392),(-0.059567| 0.077437| 0.084477),(0.453030| 0.048618| 0.076347| 0.933709),undefined
1,(6027.038251),(-0.000094| -0.000045| -0.000069),(-0.000982| 0.000050| 0.000419| 0.995006),(-0.032884| -0.004648| -0.002014),(0.629187| -0.546950| -0.103143| 0.500888),(-0.054108| -0.002479| -0.002221),(0.700647| -0.431294| 0.009588| 0.485955),(-0.087710| 0.002740| 0.004601),(0.680525| -0.346043| -0.215431| 0.573979),(-0.102059| 0.007785| 0.018793),(0.580550| -0.178677| -0.543213| 0.652752),(-0.053257| 0.029678| 0.003750),(0.021446| -0.027810| 0.102990| 0.964274),(-0.093863| 0.053692| 0.021971),(0.030578| -0.021249| 0.111333| 0.973922),(-0.116372| 0.061864| 0.035452),(0.216829| 0.093252| 0.306511| 0.962066),(-0.127584| 0.059691| 0.046127),(-0.296666| -0.148522| -0.378168| -0.810569),(-0.043876| 0.036727| 0.013155),(0.098908| -0.030017| 0.027376| 1.000698),(-0.079977| 0.064384| 0.036499),(0.103490| -0.015983| 0.013473| 1.007591),(-0.102989| 0.075507| 0.054389),(0.286529| 0.065004| 0.208223| 0.888322),(-0.115696| 0.073069| 0.066813),(-0.426433| -0.122455| -0.350040| -0.875219),(-0.032959| 0.038916| 0.023054),(0.132671| 0.000360| -0.039847| 0.960506),(-0.060185| 0.066884| 0.048264),(0.118998| 0.011124| -0.072393| 0.956296),(-0.078630| 0.080564| 0.067114),(0.299606| 0.062236| 0.103257| 0.910198),(-0.090593| 0.081134| 0.080100),(-0.428777| -0.097923| -0.221550| -0.915654),(-0.022266| 0.036401| 0.033668),(0.183410| -0.012312| -0.143003| 0.998458),(-0.040357| 0.063021| 0.058132),(0.176811| 0.017960| -0.199280| 1.013573),(-0.051070| 0.075321| 0.073800),(0.339960| 0.036272| -0.011115| 0.895728),(-0.059784| 0.077244| 0.084366),(0.456942| 0.049133| 0.081424| 0.931344),undefined
1,(8036.051002),(0.000040| 0.000048| 0.000007),(-0.002124| -0.000397| 0.000233| 0.995005),(-0.032859| -0.004697| -0.001968),(0.629526| -0.546952| -0.100225| 0.501053),(-0.054091| -0.002609| -0.002112),(0.701789| -0.428774| 0.011150| 0.486502),(-0.087682| 0.002514| 0.004808),(0.681081| -0.344342| -0.214302| 0.574765),(-0.101968| 0.007566| 0.019039),(0.579285| -0.177600| -0.543820| 0.653662),(-0.053272| 0.029638| 0.003625),(0.021258| -0.027235| 0.103271| 0.964266),(-0.093909| 0.053652| 0.021760),(0.031592| -0.019748| 0.112667| 0.973768),(-0.116416| 0.061773| 0.035253),(0.218046| 0.095909| 0.307810| 0.961116),(-0.127600| 0.059580| 0.045948),(-0.297236| -0.151105| -0.378661| -0.809652),(-0.043902| 0.036734| 0.013006),(0.098768| -0.029722| 0.027726| 1.000711),(-0.080077| 0.064395| 0.036223),(0.104480| -0.015672| 0.015577| 1.007464),(-0.103135| 0.075390| 0.054076),(0.288725| 0.067175| 0.211699| 0.886625),(-0.115802| 0.072808| 0.066498),(-0.429338| -0.125943| -0.354506| -0.871499),(-0.032992| 0.038976| 0.022900),(0.132564| 0.000374| -0.039614| 0.960531),(-0.060322| 0.066953| 0.047989),(0.120414| 0.010789| -0.069857| 0.956311),(-0.078873| 0.080473| 0.066796),(0.302849| 0.063729| 0.107944| 0.908476),(-0.090845| 0.080831| 0.079764),(-0.433789| -0.100815| -0.228529| -0.911254),(-0.022302| 0.036517| 0.033529),(0.183376| -0.012716| -0.142673| 0.998507),(-0.040527| 0.063144| 0.057891),(0.179525| 0.016801| -0.195212| 1.013907),(-0.051391| 0.075335| 0.073520),(0.342648| 0.036602| -0.006629| 0.894734),(-0.060161| 0.077111| 0.084049),(-0.462189| -0.050500| -0.089234| -0.927960),undefined
1,(0),(-0.000030| -0.000015| 0.000005),(-0.000510| -0.000717| -0.000088| 0.995007),(-0.032849| -0.004697| -0.001988),(0.629534| -0.547130| -0.098718| 0.501148),(-0.054084| -0.002642| -0.002111),(0.702207| -0.427679| 0.012050| 0.486841),(-0.087671| 0.002439| 0.004845),(0.681370| -0.343370| -0.213664| 0.575240),(-0.101932| 0.007486| 0.019096),(-0.579044| 0.176692| 0.543784| -0.654152),(-0.053266| 0.029646| 0.003534),(0.021013| -0.027071| 0.103360| 0.964266),(-0.093926| 0.053637| 0.021638),(0.032634| -0.018546| 0.113786| 0.973628),(-0.116435| 0.061692| 0.035162),(0.219013| 0.097297| 0.309106| 0.960340),(-0.127603| 0.059458| 0.045865),(-0.297899| -0.152327| -0.379750| -0.808668),(-0.043908| 0.036751| 0.012920),(0.098624| -0.029654| 0.027928| 1.000721),(-0.080121| 0.064406| 0.036084),(0.105202| -0.015138| 0.016512| 1.007382),(-0.103199| 0.075340| 0.053933),(0.289606| 0.068095| 0.213152| 0.885920),(-0.115855| 0.072700| 0.066350),(-0.430434| -0.127235| -0.356474| -0.869966),(-0.033011| 0.039003| 0.022825),(0.132522| 0.000361| -0.039401| 0.960545),(-0.060391| 0.066978| 0.047863),(0.121186| 0.010911| -0.068825| 0.956286),(-0.078985| 0.080437| 0.066656),(0.304001| 0.064375| 0.109689| 0.907836),(-0.090965| 0.080725| 0.079614),(-0.435320| -0.101868| -0.230957| -0.909792),(-0.022335| 0.036557| 0.033471),(0.183471| -0.012852| -0.142372| 0.998530),(-0.040618| 0.063186| 0.057789),(0.180660| 0.016583| -0.193779| 1.013985),(-0.051531| 0.075351| 0.073403),(0.343186| 0.036853| -0.005560| 0.894525),(-0.060314| 0.077105| 0.083920),(-0.463158| -0.051095| -0.090954| -0.927277),undefined
1,(2009.012750),(-0.000035| 0.000016| 0.000017),(-9.950078| -0.000071| 0.000041| 0.995007),(-0.032851| -0.004698| -0.001999),(0.629544| -0.547159| -0.098523| 0.501142),(-0.054089| -0.002672| -0.002099),(0.702586| -0.426877| 0.011993| 0.486999),(-0.087674| 0.002365| 0.004896),(0.681498| -0.342549| -0.213820| 0.575520),(-0.101916| 0.007397| 0.019168),(-0.578589| 0.175810| 0.544139| -0.654499),(-0.053269| 0.029645| 0.003508),(0.020903| -0.027165| 0.103340| 0.964268),(-0.093942| 0.053593| 0.021639),(0.033665| -0.017783| 0.114753| 0.973494),(-0.116448| 0.061573| 0.035213),(0.220026| 0.098019| 0.310084| 0.959719),(-0.127595| 0.059293| 0.045928),(-0.298793| -0.152942| -0.380635| -0.807806),(-0.043916| 0.036751| 0.012898),(0.098530| -0.029755| 0.027926| 1.000728),(-0.080139| 0.064393| 0.036062),(0.105529| -0.014925| 0.016765| 1.007346),(-0.103219| 0.075302| 0.053923),(0.289876| 0.068285| 0.213402| 0.885757),(-0.115871| 0.072644| 0.066340),(-0.430789| -0.127465| -0.356858| -0.869599),(-0.033022| 0.039006| 0.022806),(0.132447| 0.000260| -0.039395| 0.960556),(-0.060419| 0.066970| 0.047838),(0.121450| 0.010918| -0.068507| 0.956276),(-0.079025| 0.080406| 0.066635),(0.304243| 0.064488| 0.109998| 0.907710),(-0.091004| 0.080676| 0.079593),(-0.435687| -0.102096| -0.231414| -0.909476),(-0.022349| 0.036563| 0.033456),(0.183419| -0.012963| -0.142354| 0.998541),(-0.040652| 0.063184| 0.057768),(0.181017| 0.016485| -0.193318| 1.014011),(-0.051580| 0.075336| 0.073384),(0.343235| 0.036928| -0.005486| 0.894504),(-0.060362| 0.077088| 0.083901),(-0.463167| -0.051290| -0.090915| -0.927265),undefined
